"ord_id","ord_ref_no","ord_speciality","ord_grade","cl_id","emp_id","ord_required_from","ord_required_to","ord_datetime_detail","ord_process_date","ord_process_details_from","ord_process_details_to","ord_prosdatetime_detail","ord_confirmation_date","ord_invoice_id","ord_normal_hrs","ord_normal_hrs_rt","nh_p_type","ord_on_call_hrs","ord_ocall_rt","oc_p_type","ord_off_site_hrs","ord_osite_rt","os_p_type","ord_bh_week_hrs","ord_bhw_rt","bhw_p_type","ord_Hnormal_hrs_rt","ord_Hocall_rt","ord_Hosite_rt","ord_Hbhw_rt","ord_total_hrs","ord_approx_cost","ord_hosp_earn","ord_pay_to_dr","ord_paying_to_dr","ord_admin_charges","ord_adminchrg_intern","ord_diff_profit_admin","ord_time_sheet_rcvd","ord_time_sheet_mode","ord_time_sheet_process","ord_time_sheet_approved","ord_timesheetSign","ord_comment1","ord_invoice_refer","ord_invoice_date","ord_invoice_by","vat_rate","ord_vat_sale","ord_vat_purch","ord_vat_save","ord_sage_refer_no","ord_paymnt_rcvd_date","ord_pay_to_dr_date","ord_case_status","ord_payment_status","ord_emp_pay_status","ord_assignment","ord_comment2","ord_status","ord_cancel_bdr","ord_dr_cremarks","ord_cancel_bcl","ord_cl_cremarks","ord_advrtise","ord_created","ord_updated"
"1","SRAL-3440-Y23","2","5","1","38","2023-01-09 16:43:00","2023-01-12 16:44:00","Mon 9th - Thurs 12th Jan 2023 (9am - 7pm)","2023-01-04","2023-01-09 16:44:00","2023-01-12 16:45:00","Mon 9th - Thurs 12th Jan 2023 (9am - 7pm)","2023-01-04","SRAL-0472-Y23","44",NULL,NULL,"0",NULL,NULL,NULL,NULL,NULL,NULL,NULL,NULL,,,,,"44.00","50",NULL,"48/ 55/100",NULL,"7",NULL,"9.00","2023-01-15","whatsapp","2023-01-16","Approved",NULL,,"Monday 9th January 2023 (9am – 7pm), Tuesday 10th January 2023 (8am – 7pm), Wednesday 11th January 2023 (7am – 7pm), Thursday 12th January 2023 (8am – 7pm)","2023-01-16","HS",NULL,"541.42","0","541.42","SRA-43385",NULL,"2023-01-20","Pending","Paid",NULL,,,"4","0",NULL,"0",NULL,"0","2023-03-08 12:42:15","2023-03-08 13:53:58"
"2","SRAL-3441-Y23","2","5","1","38","2023-01-13 18:55:00","2023-01-13 18:55:00","Fri 13th Jan 2023 (8am - 3pm)","2023-01-05","2023-01-13 18:55:00","2023-01-13 18:55:00","Fri 13th Jan 2023 (8am - 3pm)","2023-01-05","SRAL-0472-Y23","7",NULL,NULL,"0",NULL,NULL,NULL,NULL,NULL,NULL,NULL,NULL,,,,,"7.00","50",NULL,"48",NULL,"7",NULL,"9.00","2023-01-15","whatsapp","2023-01-16","Approved",NULL,,"Friday 13th January 2023 (8am – 3pm)","2023-01-16","HS",NULL,"86.14","0","86.14","SRA-43385",NULL,"2023-01-20",,"Paid",NULL,NULL,,"4","0",NULL,"0",NULL,"0","2023-03-08 14:01:52","2023-03-08 14:01:52"
"3","SRAL-3442-Y23","6","4","2","26","2022-12-12 19:22:00","2022-12-25 19:23:00","Mon 12th Dec 2022 - Onwards","2023-01-04","2022-12-12 19:23:00","2022-12-25 19:23:00","Mon 12th Dec - Sun 25th Dec 2022","2023-01-04","SRAL-0475-Y23","40",NULL,NULL,"60",NULL,NULL,NULL,NULL,NULL,NULL,NULL,NULL,,,,,"100.00","50, 60, 65, 70",NULL,"50, 60, 65, 70",NULL,"7",NULL,"402.50","2023-01-16","email","2023-01-17","Approved",NULL,,"Mon 12th Dec - Sun 25th Dec 2022","2023-01-17","HS",NULL,"1415.08","0","1415.08","SRA-43388",NULL,"2023-01-20",,"Paid",NULL,NULL,,"4","0",NULL,"0",NULL,"0","2023-03-08 14:35:11","2023-03-08 14:35:11"
"4","SRAL-3443-Y23","2","4","1","42","2023-01-12 19:49:00","2023-01-13 19:49:00","Thurs 12th Jan 2023 (10am - 10pm), Fri 13th Jan 2023 (8am - 8pm)","2023-01-05","2023-01-12 19:50:00","2023-01-13 19:50:00","Thurs 12th Jan 2023 (10am - 10pm), Fri 13th Jan 2023 (8am - 8pm)","2023-01-05","SRAL-0474-Y23","16",NULL,NULL,"8",NULL,NULL,NULL,NULL,NULL,NULL,NULL,NULL,,,,,"24.00","90",NULL,"90",NULL,"7",NULL,"151.20","2023-01-16","email","2023-01-17","Approved",NULL,,"Thursday 12th Jan 2023 (10am – 10pm), Friday 13th Jan 2023 (8am – 8pm)","2023-01-17","HS",NULL,"531.58","0","531.58","SRA-43387",NULL,"2023-01-20","Pending","Paid",NULL,,,"4","0",NULL,"0",NULL,"0","2023-03-08 14:57:57","2023-03-08 15:49:48"
"5","SRAL-3444-Y23","2","5","3","9","2023-01-06 20:54:00","2023-01-06 20:54:00","Fri 6th Jan 2023 (9am - 9pm)","2023-01-05","2023-01-06 20:54:00","2023-01-06 20:54:00","Fri 6th Jan 2023 (9am - 9pm)","2023-01-05","SRAL-0464-Y23","8",NULL,NULL,"4",NULL,NULL,NULL,NULL,NULL,NULL,NULL,NULL,,,,,"12.00","55",,"55",,"7",,"46.20","2023-01-10","email","2023-01-11","Approved",NULL,,"Friday 6th January 2022 (9am – 9pm)","2023-01-11","HS",NULL,"162.43","0","162.43","SRA-43375","2023-02-10","2023-01-13","Closed","Paid",NULL,,,"4","0",NULL,"0",NULL,"0","2023-03-08 15:59:56","2023-04-12 10:12:25"
"9","SRAL-3448-Y23","2","4","4","44","2023-01-28 17:05:00","2023-01-29 17:05:00","Sat 28th Jan 2023 (9am - 11pm), Sun 29th Jan 2023 (9am - 11pm) 
","2023-01-11","2023-01-28 17:05:00","2023-01-29 17:05:00","Sat 28th Jan 2023 (9am - 11pm), Sun 29th Jan 2023 (9am - 11pm) ","2023-01-11","SRAL-0489-Y23","16",NULL,NULL,"12",NULL,NULL,NULL,NULL,NULL,NULL,NULL,NULL,,,,,"28.00","80","2240.00","80","2240.00","7","156.80","156.80","2023-02-01","email","2023-02-01","Approved",NULL,,"Sat 28th Jan 2023 (9am - 11pm), Sun 29th Jan 2023 (9am - 11pm) ","2023-02-01","HS",NULL,"551.26","515.20","36.06","SRA-43418","2023-02-24","2023-02-03","Pending","Paid",NULL,,,"4","0",NULL,"0",NULL,"0","2023-03-09 12:13:53","2023-04-12 12:39:33"
"10","SRAL-3449-Y23","2",,"3","45","2023-01-09 17:25:00","2023-01-09 17:25:00","Mon 9th Jan 2023 (9pm - 9am)","2023-01-06","2023-01-09 17:26:00","2023-01-10 17:26:00","Mon 9th Jan 2023 (9pm - 9am)","2023-01-06","SRAL-0470-Y23","0",NULL,NULL,"12",NULL,NULL,NULL,NULL,NULL,NULL,NULL,NULL,,,,,"12.00","100","1200.00","100","1200.00","7","84.00","84.00","2023-01-11","email","2023-01-11","Approved",NULL,,"Mon 9th Jan 2023 (9pm - 9am)","2023-01-12","HS",NULL,"295.32","0","295.32","SRA-43381","2023-02-10","2023-01-13","Closed","Paid",NULL,,,"4","0",NULL,"0",NULL,"0","2023-03-09 12:31:07","2023-04-12 12:40:37"
"11","SRAL-3450-Y23","6","4","5","46","2023-01-21 17:33:00","2023-01-21 17:33:00","Sat 21st Jan 2023 On-call","2023-01-21","2023-01-21 17:34:00","2023-01-22 17:34:00","Sat 21st to 22nd Jan 2023 On-call","2023-01-22","SRAL-0484-Y23","0",NULL,NULL,"25",NULL,NULL,NULL,NULL,NULL,NULL,NULL,NULL,,,,,"25.00","70","1750.00","70","1750.00","7","122.50","122.50","2023-01-23","email","2023-01-27","Approved",NULL,,"Saturday 21st (10am) - (11am) Sunday 22nd Jan 2023","2023-01-27","HS",NULL,"430.68","0","430.68","SRA-43413","2023-02-24","2023-01-27","Closed","Paid",NULL,,,"4","0",NULL,"0",NULL,"0","2023-03-09 12:43:32","2023-04-12 10:09:48"
"12","SRAL-3451-Y23","2","2","11","1","2023-01-23 18:23:00","2023-01-24 18:23:00","Mon 23rd Jan 2023 (4am – 6pm)","2023-01-12","2023-01-23 18:23:00","2023-01-24 18:23:00","Mon 23rd Jan 2023 (4am – 6pm)","2023-01-12","SRAL-0488-Y23","14",NULL,NULL,"4",NULL,NULL,NULL,NULL,NULL,NULL,NULL,NULL,,,,,"18.00","100","1520.00","100","1520.00","7","106.40","106.40","2023-01-31","email","2023-02-01","Approved",NULL,,"Mon 23rd Jan 2023 (12midnight – 6pm)","2023-02-01","HS",NULL,"374.07","0","374.07","SRA-43417","2023-03-03","2023-02-03","Closed","Paid",NULL,,,"4","0",NULL,"0",NULL,"0","2023-03-09 13:39:34","2023-04-12 10:07:59"
"13","SRAL-3452-Y23","2","2","11","1","2023-01-24 19:00:00","2023-01-27 19:01:00","Tues 24th Jan 2023 (9am - 5pm), Fri 27th Jan 2023 (9am - 5pm)","2023-01-12","2023-01-24 19:02:00","2023-01-27 19:02:00","Tues 24th Jan 2023 (9am - 5pm), Fri 27th Jan 2023 (9am - 5pm)","2023-01-13","SRAL-0488-Y23","20",NULL,NULL,"0",NULL,NULL,NULL,NULL,NULL,NULL,NULL,NULL,,,,,"20.00","100","2000.00","100","2000.00","7","140.00","140.00","2023-01-28","email","2023-01-30","Approved",NULL,,"Tues 24th,  Fri 27th Jan 2023 (8am – 6pm)","2023-02-01","HS",NULL,"2795.70","0","2795.70","SRA-43417","2023-03-03","2023-02-02","Closed","Paid",NULL,,,"4","0",NULL,"0",NULL,"0","2023-03-09 14:11:20","2023-04-12 10:07:40"
"14","SRAL-3453-Y23","2","5","3","20","2023-01-15 09:00:00","2023-01-15 21:00:00","Sun 15th Jan 2023 (9am - 9pm)","2023-01-13","2023-01-15 19:15:00","2023-01-15 19:15:00","Sun 15th Jan 2023 (9am - 9pm)","2023-01-13","SRAL-0476-Y23","8",NULL,NULL,"4",NULL,NULL,NULL,NULL,NULL,NULL,NULL,NULL,,,,,"12.00","62","744.00","62","744.00","7","52.08","52.08","2023-01-18","email","2023-01-18","Approved",NULL,,"Sunday 15th January 2023 (9am - 9pm)","2023-01-18","HS",NULL,"183.10","0","183.10","SRA-43394","2023-04-06","2023-01-20","Closed","Paid",NULL,,,"4","0",NULL,"0",NULL,"0","2023-03-09 14:21:22","2023-04-12 09:57:58"
"15","SRAL-3454-Y23","2","2","12","1","2023-01-30 19:38:00","2023-02-03 19:38:00","Mon 30th Jan 2023 - Fri 3rd Feb 2023 (9am - 5pm)","2023-01-19","2023-01-30 19:39:00","2023-02-03 19:39:00","Mon 30th Jan - Fri 3rd Feb 2023 (9am - 5pm)","2023-01-19","SRAL-0499-Y23","50",NULL,NULL,"0",NULL,NULL,NULL,NULL,NULL,NULL,NULL,NULL,,,,,"50.00","100","5000.00","100","5000.00","7","350.00","350.00","2023-02-07","email","2023-02-13","Approved",NULL,,"Mon 30th Jan - Fri 3rd Feb 2023 (8am – 6pm)","2023-01-13","HS",NULL,"1230.50","0","1230.50","SRA-43446","2023-03-10","2023-02-13","Closed","Paid",NULL,,,"4","0",NULL,"0",NULL,"0","2023-03-09 14:44:04","2023-04-12 10:03:44"
"16","SRAL-3455-Y23","2","2","12","1","2023-02-06 19:58:00","2023-02-10 19:58:00","Mon 6th - Fri 10th Feb 2023 (9am - 5pm)","2023-01-19","2023-02-06 19:58:00","2023-02-10 19:58:00","Mon 6th - Fri 10th Feb 2023 (9am - 5pm)","2023-01-19","SRAL-0506-Y23","54",NULL,NULL,"9",NULL,NULL,NULL,NULL,NULL,NULL,NULL,NULL,,,,,"63.00","100","5670.00","100","5670.00","7","396.90","396.90","2023-02-14","email","2023-02-14","Approved",NULL,,"Mon 6th Feb 2023 (9am – 9pm), Tues 7th Feb 2023 (6am - 6pm), Wed 8th - Fri 10th (8am - 6pm), Mon 6th Feb 2023 (9pm - 6am)",NULL,"HS",NULL,"1395.39","0","1395.39","SRA-43453","2023-03-10","2023-02-17","Closed","Paid",NULL,,,"4","0",NULL,"0",NULL,"0","2023-03-09 15:06:00","2023-04-12 10:04:05"
"17","SRAL-3456-Y23","3","4","6","47","2023-01-22 20:24:00","2023-01-23 20:24:00","Sun 22nd Jan 2023 (8pm - 8am)","2023-01-19","2023-01-22 20:24:00","2023-01-23 20:24:00","Sun 22nd Jan 2023 (8pm - 9am)","2023-01-19","SRAL-0481-Y23","0",NULL,NULL,"13",NULL,NULL,NULL,NULL,NULL,NULL,NULL,NULL,,,,,"13.00","100","1300","100","1200.00","7","91.00","91.00","2023-01-24","email","2023-01-24","Approved",NULL,,,NULL,"Sunday 22nd Jan 2023 (8pm – 9am)",NULL,"319.93","0","319.93","SRA-43401","2023-02-17","2023-01-28","Pending","Paid",NULL,,,"4","0",NULL,"0",NULL,"0","2023-03-09 15:33:18","2023-04-12 12:44:55"
"19","SRAL-3458-Y23","5","4","7","48","2022-12-19 20:41:00","2022-12-20 20:41:00","Mon 19th (5pm) - (8am) Tues 20th Dec 2022","2022-12-19","2022-12-19 20:42:00","2022-12-20 20:42:00","Mon 19th (5pm) - (8am) Tues 20th Dec 2022","2022-12-19","SRAL-0479-Y23","0",NULL,NULL,"15",NULL,NULL,NULL,NULL,NULL,NULL,NULL,NULL,,,,,"15.00","60","900.00","60","900.00","7","63.00","63.00","2023-01-11","email","2023-01-19","Approved",NULL,,"Mon 19th (5pm) – (8am) Tues 20th Dec 2022","2023-01-19","HS",NULL,"221.49","0","221.49","SRA-43398","2023-02-17","2023-01-20","Pending","Paid",NULL,,,"4","0",NULL,"0",NULL,"0","2023-03-09 15:47:26","2023-04-12 12:46:25"
"20","SRAL-3459-Y23","5","4","7","48","2022-12-22 20:49:00","2022-01-23 20:49:00","Thurs 22nd (5pm) - (8am) Fri 23rd Dec 2022","2022-12-22","2022-12-22 20:49:00","2022-12-23 20:49:00","Thurs 22nd (5pm) - (8am) Fri 23rd Dec 2022","2022-12-22","SRAL-0479-Y23","0",NULL,NULL,"15",NULL,NULL,NULL,NULL,NULL,NULL,NULL,NULL,,,,,"15.00","60","900.00","60","900.00","7","63.00","63.00","2023-01-11","email","2023-01-19","Approved",NULL,,"Thurs 22nd (5pm) - (8am) Fri 23rd Dec 2022","2023-01-19","HS",NULL,"221.49","0","221.49","SRA-43398","2023-02-17","2023-01-20","Pending","Paid",NULL,,,"4","0",NULL,"0",NULL,"0","2023-03-09 15:55:22","2023-04-12 12:47:33"
"21","SRAL-3460-Y23","5","4","7","48","2023-01-06 21:28:00","2023-01-07 21:28:00","Fri 6th (4pm) - (9am) Sat 7th Jan 2023","2023-01-06","2023-01-06 21:28:00","2023-01-07 21:28:00","Fri 6th (4pm) - (9am) Sat 7th Jan 2023","2023-01-06","SRAL-0479-Y23","1",NULL,NULL,"16",NULL,NULL,NULL,NULL,NULL,NULL,NULL,NULL,,,,,"17.00","65","1090.00","65","1090.00","7","76.30","76.30","2023-01-11","email","2023-01-19","Approved",NULL,,"Fri 6th Jan 2023 (4pm - 5pm), Fri 6th (5pm) – (9am) Sat 7th Jan 2023","2023-01-19","HS",NULL,"268.25","0","268.25","SRA-43398","2023-02-17","2023-01-20","Pending","Paid",NULL,,,"4","0",NULL,"0",NULL,"0","2023-03-09 16:36:35","2023-04-12 12:48:53"
"22","SRAL-3461-Y23","5","4","7","48","2023-01-08 21:38:00","2023-01-09 21:38:00","Sun 8th (9am) - (9am) Mon 9th Jan 2023","2023-01-06","2023-01-08 21:39:00","2023-01-09 21:39:00","Sun 8th (9am) - (9am) Mon 9th Jan 2023","2023-01-06","SRAL-0479-Y23","8",NULL,NULL,"16",NULL,NULL,NULL,NULL,NULL,NULL,NULL,NULL,,,,,"24.00","65","1560.00","65","1560.00","7","109.20","109.20","2023-01-11","email","2023-01-19","Approved",NULL,,"Sun 8th (9am) - (9am) Mon 9th Jan 2023","2023-01-19","HS",NULL,"383.92","0","383.92","SRA-43398","2023-02-17","2023-01-20","Pending","Paid",NULL,,,"4","0",NULL,"0",NULL,"0","2023-03-09 16:42:39","2023-04-12 12:49:59"
"23","SRAL-3462-Y23","3","4","6","47","2023-02-01 14:53:00","2023-02-05 14:53:00","Wed 1st  Feb 2023 (8am - 9pm), Thurs 2nd  Feb 2023 (8am - 9pm), Fri 3rd  Feb 2023 (8am - 9pm), Sun 5th Feb 2023 (8am - 9pm)","2023-01-19","2023-02-01 14:52:00","2023-02-05 14:53:00","Wed 1st  Feb 2023 (8am - 9pm), Thurs 2nd  Feb 2023 (8am - 9pm), Fri 3rd  Feb 2023 (8am - 9pm), Sun 5th Feb 2023 (8am - 9pm)","2023-01-20","SRAL-0492-Y23","52",NULL,NULL,"0",NULL,NULL,NULL,NULL,NULL,NULL,NULL,NULL,,,,,"52.00","100","5200","52","5200","7","364.00","364.00","2023-02-07","email","2023-02-07","Approved",NULL,,"Wed 1st  Feb 2023 (8am - 9pm), Thurs 2nd  Feb 2023 (8am - 9pm), Fri 3rd  Feb 2023 (8am - 9pm), Sun 5th Feb 2023 (8am - 9pm)","2023-02-07","HS",NULL,"1279.72","0","1279.72","SRA-43429",NULL,"2023-02-10","Pending","Paid",NULL,NULL,,"4","0",NULL,"0",NULL,"0","2023-03-10 10:03:22","2023-03-10 10:03:22"
"25","SRAL-3464-Y23","3","4","6","47","2023-02-20 15:25:00","2023-02-25 15:25:00","Mon 20th Feb 2023 (12midday - 10pm), Tues 21st Feb 2023 (12midday - 10pm), Fri 24th Feb 2023 (12midday - 10pm)","2023-01-19","2023-02-20 15:25:00","2023-02-24 15:25:00","Mon 20th Feb 2023 (12midday - 10pm), Tues 21st Feb 2023 (12midday - 10pm), Fri 24th Feb 2023 (12midday - 10pm)","2023-01-20","SRAL-0526-Y23","15",NULL,NULL,"15",NULL,NULL,NULL,NULL,NULL,NULL,NULL,NULL,,,,,"30.00","100","3000.00","100","3000.00","7","210.00","210.00","2023-02-27","email","2023-02-27","Approved",NULL,,"Mon 20th Feb 2023 (12midday - 10pm), Tues 21st Feb 2023 (8am - 8pm), Fri 24th Feb 2023 (8am - 6pm)","2023-02-28","HS",NULL,"738.30","0","738.30","SRA-43486",NULL,"2023-03-03","Pending","Paid",NULL,,,"4","0",NULL,"0",NULL,"0","2023-03-10 10:37:43","2023-03-10 10:45:44"
"27","SRAL-3466-Y23","2","2","11","1","2023-01-20 16:06:00","2023-01-20 16:06:00","Fri 20th Jan 2023 (8am – 12midnight)","2023-01-20","2023-01-20 16:07:00","2023-01-20 16:07:00","Fri 20th Jan 2023 (8am – 12midnight)","2023-01-20","SRAL-0488-Y23","8",NULL,NULL,"8",NULL,NULL,NULL,NULL,NULL,NULL,NULL,NULL,,,,,"16.00","100","1600.00","100","1600.00","7","112.00","112.00","2023-01-31","email","2023-02-01","Approved",NULL,,"Fri 20th Jan 2023 (8am – 12midnight)","2023-02-01","HS",NULL,"393.76","0","393.76","SRA-43417","2023-03-03","2023-02-03","Closed","Paid",NULL,,,"4","0",NULL,"0",NULL,"0","2023-03-10 11:10:58","2023-04-12 10:07:18"
"28","SRAL-3467-Y23","2","2","11","1","2023-02-08 16:27:00","2023-02-08 16:28:00","Wed 8th Feb 2023 (8am - 6pm)","2023-02-20","2023-02-08 16:28:00","2023-02-08 16:29:00","Wed 8th Feb 2023 (8am - 6pm)","2023-02-20","SRAL-0507-Y23","10",NULL,NULL,"0",NULL,NULL,NULL,NULL,NULL,NULL,NULL,NULL,,,,,"10.00","100","1000.00","100","1000.00","7","70.00","70.00","2023-02-14","email","2023-02-14","Approved",NULL,,"Wed 8th Feb 2023 (8am – 6pm)","2023-02-14","HS",NULL,"246.10","0","246.10","SRA-43454","2023-03-03","2023-02-17","Closed","Paid",NULL,,,"4","0",NULL,"0",NULL,"0","2023-03-10 11:37:40","2023-04-12 10:06:30"
"29","SRAL-3470-Y23","2","5","3","51","2023-01-23 21:00:00","2023-01-24 09:00:00","Mon 23rd Jan 2023 (9pm - 9am)","2023-01-20","2023-01-23 21:00:00","2023-01-24 09:00:00","Mon 23rd Jan 2023 (9pm - 9am)
","2023-01-20","SRAL-0482-Y23",,NULL,NULL,"12",NULL,NULL,NULL,NULL,NULL,NULL,NULL,NULL,,,,,"NaN","65","780","60","720","7","54.60","114.60","2023-01-24","whatsapp","2023-01-24","Approved",NULL,,"Monday 23rd Jan 2023 (9pm – 9am)","2023-01-24","HS",NULL,"191.96","0","191.96","SRA-43402","2023-02-24","2023-01-27","Closed","Paid",NULL,,,"4","0",NULL,"0",NULL,"0","2023-03-10 11:38:08","2023-04-12 10:09:05"
"30","SRAL-3471-Y23","2","2","1","42","2023-01-23 09:00:00","2023-01-27 17:00:00","Mon 23rd - Fri 27th Jan 2023 (9am - 5pm)
","2023-01-20","2023-01-23 09:00:00","2023-01-27 17:00:00","Mon 23rd - Fri 27th Jan 2023 (9am - 5pm)
","2023-01-20","SRAL-0490-Y23","40",NULL,NULL,"0",NULL,NULL,NULL,NULL,NULL,NULL,NULL,NULL,,,,,"40.00","100","4000.00","90","3600.00","7","280.00","680.00","2023-02-02","email","2023-02-03","Approved",NULL,,"Mon 23rd - Fri 27th January 2023 (9am - 5pm)","2023-02-03","HS",NULL,"984.40","0","984.40","SRA-43427",NULL,"2023-02-03","Pending","Paid",NULL,,,"4","0",NULL,"0",NULL,"0","2023-03-10 11:45:24","2023-03-10 12:36:27"
"31","SRAL-3468-Y23","2","2","11","1","2023-03-25 17:04:00","2023-03-26 17:04:00","Sun 25th Mar 2023, Sun 26th Mar 2023","2023-01-20","2023-03-25 17:04:00","2023-03-26 17:04:00","Sun 25th Mar 2023, Sun 26th Mar 2023","2023-01-20","SRAL-0567-Y23","48",NULL,NULL,"0",NULL,NULL,NULL,NULL,NULL,NULL,NULL,NULL,,,,,"48.00","100","4240","100","4240","7","296.80","296.80","2023-03-30","whatsapp","2023-03-31","Approved",NULL,,"Consultant Physician (Onsite), Dates, Sat 25th March 2023 (12midnight - 2am & 6am - 12midnight), Sun 26th March 2023 (12midnight - 2am & 6am - 12midnight), Consultant Physician (Offsite), Sat 25th March 2023 (2am - 6am), Sun 26th March 2023 (2am - 6am)","2023-03-31","HS",NULL,"1043.464","0","1043.46","SRA-43551",NULL,"2023-04-07","Pending","Paid",NULL,,,"4","0",NULL,"0",NULL,"0","2023-03-10 11:47:09","2023-04-14 11:50:51"
"32","SRAL-3472-Y23","2","2","12","1","2023-02-13 11:47:00","2023-02-17 11:47:00","Mon 13th to Fri 17th Feb 2023 (9am - 5pm)
","2023-01-23","2023-02-13 11:55:00","2023-02-17 11:55:00","Mon 13th to Fri 17th Feb 2023 (9am - 5pm)","2023-01-23","SRAL-0520-Y23","12",NULL,NULL,"0",NULL,NULL,NULL,NULL,NULL,NULL,NULL,NULL,,,,,"12.00","100","1200","100","1200","7","84.00","84.00","2023-02-23","email","2023-02-23","Approved",NULL,,"Mon 13th Feb 2023 (6am – 6pm)","2023-02-23","HS",NULL,"295.32","0","295.32","SRA-43478",NULL,"2023-02-24","Pending","Paid",NULL,,,"4","0",NULL,"0",NULL,"0","2023-03-10 12:08:00","2023-03-10 12:46:43"
"34","SRAL-3469-Y23","3","4","6","47","2023-01-20 17:18:00","2023-01-20 17:18:00","Fri 20th Jan 2023 (4pm - 12midnight)
","2023-01-20","2023-01-20 17:19:00","2023-01-20 17:19:00","Fri 20th Jan 2023 (4pm - 12midnight)","2023-01-20","SRAL-0481-Y23","1",NULL,NULL,"7",NULL,NULL,NULL,NULL,NULL,NULL,NULL,NULL,,,,,"8.00","100","800.00","100","800.00","7","56.00","56.00","2023-01-24","email","2023-01-24","Approved",NULL,,"Friday 20th Jan 2023 (4pm – 12midnight)","2023-01-24","HS",NULL,"196.88","0","196.88","SRA-43401","2023-02-17","2023-01-28","Pending","Paid",NULL,,,"4","0",NULL,"0",NULL,"0","2023-03-10 12:25:38","2023-04-12 12:56:57"
"35","SRAL-3474-Y23","3","4","6","31","2023-01-20 12:23:00","2023-01-22 12:23:00","Fri 20th Jan 2023 (8pm - 9am), Sat 21st Jan 2023 (8pm - 9am)","2023-01-20","2023-01-20 12:23:00","2023-01-22 12:23:00","Fri 20th Jan 2023 (8pm - 9am), Sat 21st Jan 2023 (8pm - 9am)","2023-01-20","SRAL-0480-Y23","26",NULL,NULL,"0",NULL,NULL,NULL,NULL,NULL,NULL,NULL,NULL,,,,,"26.00","100","2600","100","2600.00","7","182.00","182.00","2023-01-23","email","2023-01-23","Approved",NULL,,"Fri 20th Jan 2023 (8pm - 9am), Sat 21st Jan 2023 (8pm - 9am)","2023-01-23","HS",NULL,"639.86","0","639.86","SRA-43400","2023-02-17","2023-01-27","Pending","Paid",NULL,,,"4","0",NULL,"0",NULL,"0","2023-03-10 12:27:42","2023-04-12 12:58:23"
"36","SRAL-3475-Y23","3","4","6","47","2023-01-28 12:31:00","2023-01-28 12:31:00","Sat 28th Jan 2023 (8am - 9pm)
","2023-01-23","2023-01-28 12:32:00","2023-01-28 12:32:00","Sat 28th Jan 2023 (8am - 9pm)
","2023-01-25","SRAL-0487-Y23","13",NULL,NULL,"0",NULL,NULL,NULL,NULL,NULL,NULL,NULL,NULL,,,,,"13.00","100","1300","100","1300.00","7","91.00","91.00","2023-02-01","email","2023-02-01","Approved",NULL,,"Sat 28th Jan 2023 (8am - 9pm)","2023-02-01","HS",NULL,"319.93","0","319.93","SRA-43416","2023-03-03","2023-02-03","Closed","Paid",NULL,,,"4","0",NULL,"0",NULL,"0","2023-03-10 12:33:59","2023-04-18 13:41:21"
"37","SRAL-3476-Y23","2","5","1","38","2023-02-07 12:36:00","2023-02-10 12:36:00","Tues 7th  Feb 2023 (8am - 7pm), Wed 8th  Feb 2023 (8am - 7pm), Thurs 9th Feb 2023 (8am - 7pm), Fri 10th Feb 2023 (8am - 3pm)","2023-01-25","2023-02-07 12:36:00","2023-02-10 12:36:00","Tues 7th  Feb 2023 (8am - 7pm), Wed 8th  Feb 2023 (8am - 7pm), Thurs 9th Feb 2023 (8am - 7pm), Fri 10th Feb 2023 (8am - 3pm)","2023-01-25","SRAL-0501-Y23","40",NULL,NULL,"0",NULL,NULL,NULL,NULL,NULL,NULL,NULL,NULL,,,,,"40.00","50","2000","48","1920.00","7","140.00","220.00","2023-02-13","whatsapp","2023-02-13","Approved",NULL,,"Tues 7th, Wed 8th, Thurs 9th Feb 2023 (8am - 7pm), Fri 10th Feb 2023 (8am - 3pm)","2023-02-13","HS",NULL,"492.2","0","492.20","SRA-43448","2023-03-10","2023-02-17","Closed","Paid",NULL,,,"4","0",NULL,"0",NULL,"0","2023-03-10 12:40:41","2023-03-27 13:39:42"
"39","SRAL-3478-Y23","2","2","12","1","2023-02-12 13:00:00","2023-02-13 13:07:00","Sun 12th Feb (9am) – (6pm) Mon 13th Feb 2023","2023-01-25","2023-02-12 13:08:00","2023-02-13 13:08:00","Sun 12th Feb (9am) – (6pm) Mon 13th Feb 2023","2023-01-25","SRAL-0520-Y23","12",NULL,NULL,"9",NULL,NULL,NULL,NULL,NULL,NULL,NULL,NULL,,,,,"21.00","100","1470","100","1470","7","102.90","102.90","2023-02-23",,"2023-02-23","Approved",NULL,,"Sun 12th Feb (9am) – (6pm) Mon 13th Feb 2023",NULL,"HS",NULL,"361.767","0","361.77","SRA-43478",NULL,"2023-02-24","Pending","Paid",NULL,,,"4","0",NULL,"0",NULL,"0","2023-03-10 13:11:20","2023-03-10 14:08:57"
"40","SRAL-3479-Y23","2","2","13","1","2023-01-30 13:17:00","2023-02-24 13:18:00","Mon 30th Jan - Fri 24th Feb 2023 (9am - 5pm),
Tues 7th - Fri 10th Feb 2023 (8am – 6pm) 
","2023-01-25","2023-01-30 13:18:00","2023-02-10 13:18:00","Mon 30th Jan - Fri 24th Feb 2023 (9am - 5pm),
Tues 7th - Fri 10th Feb 2023 (8am – 6pm)
","2023-01-25","SRAL-0495-Y23 / SRAL-0505-Y23","90",NULL,NULL,"0",NULL,NULL,NULL,NULL,NULL,NULL,NULL,NULL,,,,,"90.00","100","9000","100","9000","7","630.00","630.00","2023-02-08","email","2023-02-08","Approved",NULL,"The second timesheet was received on 14th Feb 2023 ","Mon 30th Jan - Fri 3rd Feb 2023 (8am – 6pm), Tues 7th - Fri 10th Feb 2023 (8am – 6pm)","2023-02-08","HS",NULL,"2214.9","0","2214.90","SRA-43432 / SRA-43452","2023-03-10","2023-02-10","Closed","Paid",NULL,,"Two invoices (SRAL-0495-Y23) 8th Feb 2023 (SRAL-0505-Y23) 14th Feb 2023 were issued partially for the same order","4","0",NULL,"0",NULL,"0","2023-03-10 13:37:55","2023-03-27 13:24:34"
"41","SRAL-3480-Y23","2","2","13","49","2023-02-13 13:17:00","2023-02-17 13:18:00","Mon 13th - Fri 17th Feb 2023 (9am - 5pm)","2023-01-25","2023-02-13 13:18:00","2023-02-14 13:18:00","Mon 13th - Fri 17th Feb 2023 (9am - 5pm)

","2023-01-25","SRAL-0511-Y23","19",NULL,NULL,"14.50",NULL,NULL,NULL,NULL,NULL,NULL,NULL,NULL,,,,,"33.50","100","2715","120","2715","7","190.05","190.05","2023-02-16","email","2023-02-16","Approved",NULL,,"Monday 13th, Tuesday 14th Feb 2023 (7:30am - 5pm), Monday 13th Feb 2023 (5pm - 7:30am)","2023-02-16","HS",NULL,"668.1615","0","668.16","SRA-43464","2023-03-16","2023-03-01","Closed","Paid",NULL,,,"4","0",NULL,"0",NULL,"0","2023-03-10 13:39:32","2023-03-27 13:33:58"
"42","SRAL-3481-Y23","2","2","1","42","2023-01-30 14:07:00","2023-02-03 14:07:00","Mon 30th Jan - Fri 3rd Feb 2023 (9am - 5pm)
","2023-01-27","2023-01-30 14:07:00","2023-02-03 14:07:00","Mon 30th Jan - Fri 3rd Feb 2023 (9am - 5pm)
","2023-01-27","SRAL-0509-Y23","40",NULL,NULL,"0",NULL,NULL,NULL,NULL,NULL,NULL,NULL,NULL,,,,,"40.00","90","3600","90","3600.00","7","252.00","252.00","2023-02-16","email","2023-02-16","Approved",NULL,,"Mon 30th Jan - Fri 3rd Feb 2023 (9am - 5pm)","2023-02-16","HS",NULL,"885.96","0","885.96","SRA-43461",NULL,"2023-02-17","Pending","Paid",NULL,,,"4","0",NULL,"0",NULL,"0","2023-03-10 14:10:25","2023-03-13 14:41:01"
"43","SRAL-3482-Y23","3","4","6","31","2023-02-04 14:12:00","2023-02-05 14:12:00","Sat 4th Feb 2023 (8am - 8:30pm), Sun 5th Feb 2023 (8am - 8:30pm)","2023-01-30","2023-02-04 14:13:00","2023-02-05 14:13:00","Sat 4th Feb 2023 (8am - 8:30pm), Sun 5th Feb 2023 (8am - 8:30pm)
","2023-01-30","SRAL-0502-Y23","10",NULL,NULL,"11",NULL,NULL,NULL,NULL,NULL,NULL,NULL,NULL,,,,,"21.00","100","2100","100","2100.00","7","147.00","147.00","2023-02-14","email","2023-02-14","Approved",NULL,,"Sat 4th Feb 2023 (3pm - 1:30am), Sun 5th Feb 2023 (8am - 6:30pm)","2023-02-14","HS",NULL,"516.81","0","516.81","SRA-43449","2023-03-10","2023-02-17","Closed","Paid",NULL,,,"4","0",NULL,"0",NULL,"0","2023-03-10 14:20:43","2023-03-27 13:40:32"
"44","SRAL-3483-Y23","3","4","6","47","2023-01-31 14:26:00","2023-02-01 14:26:00","Tues 31st Jan 2023 (8pm – 9am)","2023-01-30","2023-01-31 14:27:00","2023-02-01 14:26:00","Tues 31st Jan 2023 (8pm – 9am)","2023-01-30","SRAL-0487-Y23","0",NULL,NULL,"13",NULL,NULL,NULL,NULL,NULL,NULL,NULL,NULL,,,,,"13.00","100","1300","100","1300.00","7","91.00","91.00","2023-02-01","email","2023-02-01","Approved",NULL,,"Tues 31st Jan 2023 (8pm – 9am)","2023-02-01","HS",NULL,"319.93","0","319.93","SRA-43416","2023-03-03","2023-02-03","Closed","Paid",NULL,,,"4","0",NULL,"0",NULL,"0","2023-03-10 14:29:45","2023-04-18 13:39:53"
"45","SRAL-3484-Y23","3","4","6","47","2023-02-08 14:32:00","2023-02-09 14:32:00","Wed 8th Feb 2023 (8am – 9pm), Thurs 9th Feb 2023 (8am – 9pm)","2023-01-30","2023-02-08 14:32:00","2023-02-09 14:32:00","Wed 8th Feb 2023 (8am – 9pm), Thurs 9th Feb 2023 (8am – 9pm)","2023-01-30","SRAL-0500-Y23","16",NULL,NULL,"10",NULL,NULL,NULL,NULL,NULL,NULL,NULL,NULL,,,,,"26.00","100","2600","100","2600.00","7","182.00","182.00","2023-02-13","email","2023-02-13","Approved",NULL,,"Wed 8th, Thurs 9th Feb 2023 (8am – 9pm)","2023-02-13","HS",NULL,"639.86","0","639.86","SRA-43447","2023-03-24","2023-02-17","Closed","Paid",NULL,,,"4","0",NULL,"0",NULL,"0","2023-03-10 14:35:48","2023-03-27 13:06:22"
"46","SRAL-3485-Y23","3","4","6","47","2023-02-13 14:41:00","2023-02-13 14:41:00","Mon 13th Feb 2023 (12midday - 10pm)","2023-01-30","2023-02-13 14:41:00","2023-02-13 14:41:00","Mon 13th Feb 2023 (12midday - 10pm)","2023-01-30","SRAL-0512-Y23","5",NULL,NULL,"5",NULL,NULL,NULL,NULL,NULL,NULL,NULL,NULL,,,,,"10.00","100","1000","100","1000.00","7","70.00","70.00","2023-02-20","email","2023-02-20","Approved",NULL,,"Mon 13th Feb 2023 (12midday - 10pm)","2023-02-20","HS",NULL,"246.1","0","246.10","SRA-43465","2023-03-16","2023-02-24","Closed","Paid",NULL,,,"4","0",NULL,"0",NULL,"0","2023-03-10 14:43:42","2023-03-27 13:39:03"
"47","SRAL-3486-Y23","6","4","5","46","2023-02-18 14:45:00","2023-02-19 14:45:00","Sat 18th (10am) - (11am) Sun 19th Feb 2023 25hrs","2023-01-30","2023-02-18 14:45:00","2023-02-19 14:46:00","Sat 18th (10am) - (11am) Sun 19th Feb 2023 25hrs","2023-01-30","SRAL-0518-Y23","9",NULL,NULL,"15.5",NULL,NULL,NULL,NULL,NULL,NULL,NULL,NULL,,,,,"24.50","70","1715","70","1715.00","7","120.05","120.05","2023-02-23","whatsapp","2023-02-23","Approved",NULL,,"Saturday 18th (10am) - ( 11am) Sunday 19th Feb 2023 ","2023-02-23","HS",NULL,"422.0615","0","422.06","SRA-43476",NULL,"2023-02-24","Pending","Paid",NULL,,,"4","0",NULL,"0",NULL,"0","2023-03-10 14:49:25","2023-03-21 13:23:09"
"48","SRAL-3487-Y23","2","2","1","42","2023-02-04 11:44:00","2023-02-05 11:44:00","Sat 4th & Sun 5th Feb 2023 On-call","2023-01-30","2023-02-03 11:44:00","2023-02-05 11:44:00","Sat 4th & Sun 5th Feb 2023 On-call","2023-01-30","SRAL-0509-Y23","0",NULL,NULL,"30",NULL,NULL,NULL,NULL,NULL,NULL,NULL,NULL,,,,,"30.00","30","900","30","900.00","7","63.00","63.00","2023-02-15","email","2023-02-16","Approved",NULL,,"Sat 4th Feb 2023 (5pm - 8am), Sun 5th Feb 2023 (9am - 12midnight)","2023-02-16","HS",NULL,"221.49","0","221.49","SRA-43461",NULL,"2023-02-17","Pending","Paid",NULL,,,"4","0",NULL,"0",NULL,"0","2023-03-13 11:47:33","2023-03-14 16:13:44"
"51","SRAL-3490-Y23","2","4","4","44","2023-02-04 11:54:00","2023-02-06 11:54:00","Sat 4th Feb 2023 (9am - 11pm), Sun 5th Feb 2023 (9am - 11pm), Mon 6th Feb 2023 (9am - 12midnight)
","2023-01-31","2023-02-04 11:55:00","2023-02-06 11:55:00","Sat 4th Feb 2023 (9am - 11pm), Sun 5th Feb 2023 (9am - 11pm), Mon 6th Feb 2023 (9am - 12midnight)","2023-01-31","SRAL-0496-Y23","24",NULL,NULL,"19",NULL,NULL,NULL,NULL,NULL,NULL,NULL,NULL,,,,,"43.00","90","3870","80","3440.00","7","270.90","700.90","2023-02-07","email","2023-02-08","Approved",NULL,,"Sat 4th Feb 2023 (9am - 11pm), Sun 5th Feb 2023 (9am – 11pm), Mon 6th Feb 2023 (9am - 12midnight)","2023-02-08","HS",NULL,"952.41","791.2","161.21","SRA-43433","2023-02-24","2023-02-09","Closed","Paid",NULL,,,"4","0",NULL,"0",NULL,"0","2023-03-13 11:58:19","2023-04-05 11:14:10"
"52","SRAL-3491-Y23","2","2","1","42","2023-02-07 11:59:00","2023-02-17 11:59:00","Tues 7th - Fri 17th Feb 2023 (9am - 5pm)
","2023-01-31","2023-02-06 12:00:00","2023-02-10 12:00:00","Mon 6th - Fri 17th Feb 2023 (9am - 5pm)
","2023-01-31","SRAL-0503-Y23","41",NULL,NULL,"8",NULL,NULL,NULL,NULL,NULL,NULL,NULL,NULL,,,,,"49.00","90","3930.00","90","3930.00","7","275.10","275.10","2023-02-14","email","2023-02-14","Approved",NULL,,"Onsite Hours: 41.00, Mon 6th Feb 2023 (8am - 5pm), Tues 7th - Fri 10th Feb 2023 (9am - 5pm), Offsite Hours: 8.00, Mon 6th Feb 2023 (12midnight - 8am)","2023-02-14","HS",NULL,"967.17","0","967.17","SRA-43450",NULL,"2023-02-17","Pending","Paid",NULL,,,"4","0",NULL,"0",NULL,"0","2023-03-13 12:08:09","2023-03-13 14:34:07"
"53","SRAL-3491-Y23","2","2","1","42","2023-02-13 12:11:00","2023-02-17 12:11:00","Tues 7th - Fri 17th Feb 2023 (9am - 5pm)
","2023-01-31","2023-02-13 12:11:00","2023-02-17 12:11:00","Tues 7th - Fri 17th Feb 2023 (9am - 5pm)
","2023-01-31","SRAL-0523-Y23","40",NULL,NULL,"0",NULL,NULL,NULL,NULL,NULL,NULL,NULL,NULL,,,,,"40.00","90","3600","90","3600.00","7","252.00","252.00","2023-02-24","email","2023-02-24","Approved",NULL,,"Onsite Hours: 40.00, Mon 13th - Fri 17th Feb 2023 (9am - 5pm)","2023-02-24","HS",NULL,"885.96","0","885.96","SRA-43482",NULL,"2023-02-24","Pending","Paid",NULL,,,"4","0",NULL,"0",NULL,"0","2023-03-13 12:14:10","2023-03-13 12:37:32"
"54","SRAL-3492-Y23","2","2","11","1","2023-02-08 12:21:00","2023-02-09 12:21:00","Thurs 9th Feb 2023 (8am - 6pm)
","2023-01-31","2023-02-08 12:21:00","2023-02-09 12:21:00","Thurs 9th Feb 2023 (8am - 6pm)
","2023-01-31","SRAL-0507-Y23","10",NULL,NULL,"0",NULL,NULL,NULL,NULL,NULL,NULL,NULL,NULL,,,,,"10.00","100","1000","100","1000.00","7","70.00","70.00","2023-02-14","email","2023-02-14","Approved",NULL,,"Thurs 9th Feb 2023 (8am – 6pm)","2023-02-14","HS",NULL,"246.1","0","246.10","SRA-43454","2023-03-03","2023-02-17","Closed","Paid",NULL,,,"4","0",NULL,"0",NULL,"0","2023-03-13 12:23:50","2023-03-13 14:35:04"
"55","SRAL-3493-Y23","2","2","1","42","2023-02-20 12:25:00","2023-02-24 12:25:00","Mon 20th Feb - Fri 17th March 2023 (9am - 5pm)
","2023-01-31","2023-02-20 12:25:00","2023-02-24 12:25:00","Mon 20th Feb - Fri 17th March 2023 (9am - 5pm)
","2023-01-31","SRAL-0531-Y23","40",NULL,NULL,"0",NULL,NULL,NULL,NULL,NULL,NULL,NULL,NULL,,,,,"40.00","90","3600","90","3600.00","7","252.00","252.00","2023-03-02","email","2023-03-03","Approved",NULL,,"Onsite Hours: 40.00, Mon 20th - Fri 24th Feb 2023 (9am - 5pm)","2023-03-03","HS",NULL,"885.96","0","885.96","SRA-43497",NULL,"2023-03-03","Pending","Paid",NULL,,,"4","0",NULL,"0",NULL,"0","2023-03-13 12:28:00","2023-03-13 14:37:05"
"56","SRAL-3493-Y23","2","2","1","42","2023-02-27 12:31:00","2023-03-03 12:31:00","Mon 20th Feb - Fri 17th Mar 2023 (9am - 5pm)
","2023-01-31","2023-02-27 12:31:00","2023-03-03 12:31:00","Mon 20th Feb - Fri 17th Mar 2023 (9am - 5pm)
","2023-01-31","SRAL-0536-Y23","42",NULL,NULL,"15",NULL,NULL,NULL,NULL,NULL,NULL,NULL,NULL,,,,,"57.00","90","4230","90","4230","7","296.10","296.10","2023-03-07","email","2023-03-08","Approved",NULL,,"Onsite Hours: 42.00, Mon 27th Feb 2023, 2nd March 2023, 3rd March 2023 (9am - 5pm), Tues 28th Feb 2023, Wed 1st March 2023 (8am - 5pm), Offsite Hours: 15.00, Tues 28th Feb (5pm) - (8am) Wed 1st March 2023","2023-03-08","HS",NULL,"1041.03","0","1041.03","SRA-43505",NULL,NULL,"Pending","Pending",NULL,,,"4","0",NULL,"0",NULL,"0","2023-03-13 12:38:09","2023-03-24 10:26:37"
"57","SRAL-3494-Y23","2","5","8","50","2023-01-02 12:46:00","2023-01-27 12:46:00","Sun 1st Jan 2023 - Onward
","2023-01-02","2023-01-02 12:48:00","2023-01-27 12:48:00","Sun 1st Jan 2023 - Onward
","2023-01-02","SRAL-0486-Y23","4",NULL,NULL,"0",NULL,NULL,NULL,NULL,NULL,NULL,NULL,NULL,,,,,"4.00","832.13","3328.52","832.13","3328.52","5","166.43","166.43","2023-01-31","email","2023-01-31","Approved",NULL,"We don't know about the work hour and rate we are just paying him on a weekly basis (This locum was confirmed directly) ","2nd Jan 2023 - 27th Jan 2023 (Wk 20 - Wk 23)","2023-01-31","HS",NULL,"1843.09","0","1843.09","SRA-43415","2023-02-24","2023-02-03","Pending","Pending",NULL,,,"4","0",NULL,"0",NULL,"0","2023-03-13 12:58:24","2023-04-12 13:11:48"
"58","SRAL-3495-Y23","2","5","9","41","2023-02-05 13:25:00","2023-02-06 13:25:00","Sun 5th Feb 2023 (8pm - 9am)
","2023-02-03","2023-02-05 13:25:00","2023-02-06 13:26:00","Sun 5th Feb 2023 (8pm - 9am)
","2023-02-03","SRAL-0493-Y23","13",NULL,NULL,"0",NULL,NULL,NULL,NULL,NULL,NULL,NULL,NULL,,,,,"13.00","70","910","60","780.00","7","63.70","193.70","2023-02-07","whatsapp","2023-02-08","Approved",NULL,,"Sun 5th Feb 2023 (8pm – 9am)","2023-02-08","HS",NULL,"223.95","0","223.95","SRA-43430","2023-03-03","2023-02-10","Closed","Paid",NULL,,,"4","0",NULL,"0",NULL,"0","2023-03-13 13:28:12","2023-03-13 14:29:23"
"59","SRAL-3496-Y23","2","5","9","3","2023-02-05 13:29:00","2023-02-06 13:29:00","Sun 5th Feb 2023 (9am - 9pm)
","2023-02-03","2023-02-05 13:29:00","2023-02-05 13:29:00","Sun 5th Feb 2023 (9am - 9pm)
","2023-02-03","SRAL-0494-Y23","0",NULL,NULL,"12",NULL,NULL,NULL,NULL,NULL,NULL,NULL,NULL,,,,,"12.00","70","840","60","720.00","7","58.80","178.80","2023-02-07","email","2023-02-08","Approved",NULL,,"Sun 5th Feb 2023 (9am – 9pm)","2023-02-08","HS",NULL,"206.72","0","206.72","SRA-43431","2023-03-03","2023-02-10","Closed","Paid",NULL,"Ylducy90cEVyYW02R0hEMm5senNJSjBOQ09NVFBBdGYwaFNKbHkzcHFzaz0=.pdf",,"4","0",NULL,"0",NULL,"0","2023-03-13 13:32:04","2023-05-22 17:31:34"
"60","SRAL-3497-Y23","2","4","3","51","2023-02-09 13:44:00","2023-02-10 13:44:00","Thurs 9th Feb 2023 (9pm - 9am)
","2023-02-07","2023-02-09 13:45:00","2023-02-10 13:45:00","Thurs 9th Feb 2023 (9pm - 9am)
","2023-02-07","SRAL-0497-Y23","0",NULL,NULL,"12",NULL,NULL,NULL,NULL,NULL,NULL,NULL,NULL,,,,,"12.00","70","840","65","780.00","7","58.80","118.80","2023-02-10","whatsapp","2023-02-10","Approved",NULL,,"Thursday 9th February 2023 (9pm – 9am)","2023-02-10","HS",NULL,"206.72","0","206.72","SRA-43444","2023-03-03","2023-02-10","Closed","Paid",NULL,,,"4","0",NULL,"0",NULL,"0","2023-03-13 13:51:37","2023-03-13 14:30:19"
"61","SRAL-3499-Y23","2","5","1","38","2023-03-06 19:44:00","2023-03-11 19:44:00","Mon 6th - Thurs 9th March 2023 (8am – 7pm),
Fri 10th March 2023 (8am – 3pm)","2023-02-07","2023-03-06 19:44:00","2023-03-10 19:44:00","Mon 6th - Thurs 9th March 2023 (8am – 7pm),
Fri 10th March 2023 (8am – 3pm)
","2023-02-20","SRAL-0538-Y23","51",NULL,NULL,"0",NULL,NULL,NULL,NULL,NULL,NULL,NULL,NULL,,,,,"51.00","50","2550","48","2448.00","7","178.50","280.50","2023-03-10","whatsapp","2023-03-13","Approved",NULL,,"Mon 6th - Thurs 9th March 2023 (8am - 7pm), Fri 10th March 2023 (8am - 3pm)","2023-03-14","HS",NULL,"627.55","0","627.55","SRA-43511",NULL,"2023-03-17","Pending","Paid",NULL,,,"4","0",NULL,"0",NULL,"0","2023-03-13 15:10:25","2023-03-14 15:49:36"
"62","SRAL-3500-Y23","2","4","3","52","2023-02-12 20:15:00","2023-02-14 20:15:00","Sun 12th Feb 2023 (9pm -9am), Mon 13th Feb 2023 (9pm -9am), Mon 27th Feb 2023 (9pm -9am), Mon 26th Feb 2023 (9am - 12midnight)","2023-02-09","2023-02-12 20:15:00","2023-02-14 20:16:00","Sun 12th Feb 2023 (9pm -9am), Mon 13th Feb 2023 (9pm -9am), Mon 27th Feb 2023 (9pm -9am), Mon 26th Feb 2023 (9am - 12midnight)","2023-02-09","SRAL-0504-Y23","24",NULL,NULL,"0",NULL,NULL,NULL,NULL,NULL,NULL,NULL,NULL,,,,,"24.00","100","2400.00","100","2400.00","7","168.00","168.00","2023-02-14","email","2023-02-14","Approved",NULL,,"Sun 12th Feb 2023 (9pm – 9am), Mon 13th Feb 2023 (9pm – 9am)","2023-02-14","HS",NULL,"590.64","0","590.64","SRA-43451","2023-03-03","2023-02-17","Pending","Paid",NULL,,,"4","0",NULL,"0",NULL,"0","2023-03-13 15:22:52","2023-04-12 13:14:35"
"63","SRAL-3500-Y23","2","4","3","52","2023-02-13 20:25:00","2023-02-28 20:25:00","Sun 12th Feb 2023 (9pm -9am),
Mon 13th Feb 2023 (9pm -9am),
Mon 27th Feb 2023 (9pm -9am),
Mon 26th Feb 2023 (9am - 12midnight)","2023-02-09","2023-02-26 20:25:00","2023-02-28 20:25:00","Sun 12th Feb 2023 (9pm -9am), Mon 13th Feb 2023 (9pm -9am), Mon 26th Feb 2023 (9am - 12midnight), Mon 27th Feb 2023 (9pm -9am)","2023-02-09","SRAL-0528-Y23","27",NULL,NULL,"0",NULL,NULL,NULL,NULL,NULL,NULL,NULL,NULL,,,,,"27.00","100","2700.00","100","2700.00","7","189.00","189.00","2023-02-28","email","2023-02-28","Approved",NULL,,"Sun 26th Feb 2023 (9am - 12midnight), Mon 27th Feb 2023 (9pm – 9am)","2023-02-28","HS",NULL,"664.47","0","664.47","SRA-43488",NULL,"2023-03-03","Pending","Paid",NULL,NULL,,"4","0",NULL,"0",NULL,"0","2023-03-13 15:33:03","2023-03-13 15:33:03"
"64","SRAL-3498-Y23","3","4","6","47","2023-02-07 13:48:00","2023-02-07 13:48:00","Tues 7th Feb 2023 (8pm - 9am)","2023-02-07","2023-02-07 13:48:00","2023-02-07 13:48:00","Tues 7th Feb 2023 (8pm - 9am)","2023-02-07","SRAL-0500-Y23","8",NULL,NULL,"5",NULL,NULL,NULL,NULL,NULL,NULL,NULL,NULL,,,,,"13.00","100","1300","100","1300.00","7","91.00","91.00","2023-02-13","email","2023-02-13","Approved",NULL,,"Tues 7th Feb 2023 (8am – 9pm)","2023-02-13","HS",NULL,"319.93","0","319.93","SRA-43447","2023-03-24","2023-02-17","Closed","Paid",NULL,,,"4","0",NULL,"0",NULL,"0","2023-03-14 13:50:58","2023-04-17 14:00:05"
"65","SRAL-3501-Y23","2","4","3","51","2023-02-08 13:59:00","2023-02-08 13:59:00","Wed 8th Feb 2023 (6pm - 12midnight)
","2023-02-08","2023-02-08 13:59:00","2023-02-08 13:59:00","Wed 8th Feb 2023 (6pm - 12midnight)
","2023-02-08","SRAL-0497-Y23","0",NULL,NULL,"6",NULL,NULL,NULL,NULL,NULL,NULL,NULL,NULL,,,,,"6.00","70","420","70","420.00","7","29.40","29.40","2023-02-09","whatsapp","2023-02-09","Approved",NULL,,"Wednesday 8th February 2023 (6pm - 12midnight)","2023-02-10","HS",NULL,"103.36","0","103.36","SRA-43444","2023-03-03","2023-02-10","Closed","Paid",NULL,,,"4","0",NULL,"0",NULL,"0","2023-03-14 14:02:23","2023-03-14 14:41:38"
"66","SRAL-3502-Y23","2","4","3","15","2023-02-13 14:13:00","2023-02-17 14:13:00","Mon 13th - Fri 17th Feb 2023 (9am - 5pm)
","2023-02-10","2023-02-13 14:13:00","2023-02-17 14:14:00","Mon 13th - Fri 17th Feb 2023 (9am - 5pm)
","2023-02-10","SRAL-0513-Y23","44",NULL,NULL,"0",NULL,NULL,NULL,NULL,NULL,NULL,NULL,NULL,,,,,"44.00","70","3080","70","3080.00","7","215.60","215.60","2023-02-20","email","2023-02-20","Approved",NULL,,"Mon 13th February 2023 (9am – 5pm), Tues 14th February 2023 (9am – 5pm), Fri 17th February 2023 (9am – 5pm), Wed 15th February 2023 (9am – 8pm), Thurs 16th February 2023 (8am – 5pm)","2023-02-20","HS",NULL,"757.99","0","757.99","SRA-43466","2023-03-16","2023-02-23","Closed","Paid",NULL,,,"4","0",NULL,"0",NULL,"0","2023-03-14 14:17:20","2023-04-12 10:00:43"
"67","SRAL-3503-Y23","3","4","9","3","2023-02-12 14:21:00","2023-02-12 14:21:00","Sun 12th Feb 2023 (12midday - 10pm)
","2023-02-10","2023-02-12 14:21:00","2023-02-12 14:22:00","Sun 12th Feb 2023 (12midday - 10pm)
","2023-02-10","SRAL-0508-Y23","5",NULL,NULL,"5",NULL,NULL,NULL,NULL,NULL,NULL,NULL,NULL,,,,,"10.00","70","700","70","700.00","7","49.00","49.00","2023-02-13","email","2023-02-14","Approved",NULL,,"Sun 12th Feb 2023 (12midday – 10pm)","2023-02-14","HS",NULL,"172.27","0","172.27","SRA-43455","2023-03-10","2023-02-17","Pending","Paid",NULL,,,"4","0",NULL,"0",NULL,"0","2023-03-14 14:24:49","2023-04-12 13:17:52"
"68","SRAL-3504-Y23","3","4","6","47","2023-02-14 14:26:00","2023-02-14 14:26:00","Tues 14th Feb 2023 (8am - 6pm)
","2023-02-13","2023-02-14 14:26:00","2023-02-14 14:26:00","Tues 14th Feb 2023 (8am - 6pm)
","2023-02-13","SRAL-0512-Y23","10",NULL,NULL,"0",NULL,NULL,NULL,NULL,NULL,NULL,NULL,NULL,,,,,"10.00","100","1000","100","1000.00","7","70.00","70.00","2023-02-20","email","2023-02-20","Approved",NULL,,"Wed 15th Feb 2023 (8am - 6pm)","2023-02-20","HS",NULL,"246.1","0","246.10","SRA-43465","2023-03-16","2023-02-24","Closed","Paid",NULL,,,"4","0",NULL,"0",NULL,"0","2023-03-14 14:28:44","2023-03-27 13:38:49"
"69","SRAL-3505-Y23","2","4","4","44","2023-02-18 14:35:00","2023-02-19 14:35:00","Sat 18th Feb 2023 (9am - 11pm), Sun 19th Feb 2023 (9am - 12midnight)
","2023-02-14","2023-02-18 14:35:00","2023-02-19 14:35:00","Sat 18th Feb 2023 (9am - 11pm), Sun 19th Feb 2023 (9am - 12midnight)","2023-02-14","SRAL-0517-Y23","29",NULL,NULL,"0",NULL,NULL,NULL,NULL,NULL,NULL,NULL,NULL,,,,,"29.00","90","2610","80","2320.00","7","182.70","472.70","2023-02-20","email","2023-02-21","Approved",NULL,,"Sat 18th Feb 2023 (9am – 11pm), Sun 19th Feb 2023 (9am - 12midnight)","2023-02-21","HS",NULL,"642.32","0","642.32","SRA-43470","2023-03-24","2023-02-23","Closed","Paid",NULL,,,"4","0",NULL,"0",NULL,"0","2023-03-14 14:39:18","2023-03-27 13:19:56"
"70","SRAL-3506-Y23","2","2","1","42","2023-02-06 14:45:00","2023-02-06 14:46:00","Mon 6th Feb 2023 (12midnight - 5pm)
","2023-02-06","2023-02-06 14:46:00","2023-02-06 14:46:00","Mon 6th Feb 2023 (12midnight - 5pm)
","2023-02-06","SRAL-0503-Y23","9",NULL,NULL,"8",NULL,NULL,NULL,NULL,NULL,NULL,NULL,NULL,,,,,"17.00","90","1050","90","1050","7","73.50","73.50","2023-02-13","email","2023-02-14","Approved",NULL,,"Onsite Hours: 9.00, Mon 6th Feb 2023 (8am - 5pm), Offsite Hours: 8.00, Mon 6th Feb 2023 (12midnight - 8am)","2023-02-14","HS",NULL,"258.40","0","258.40","SRA-43450",NULL,"2023-02-17","Pending","Paid",NULL,,,"4","0",NULL,"0",NULL,"0","2023-03-14 14:50:22","2023-03-14 14:58:23"
"71","SRAL-3507-Y23","3","4","6","47","2023-02-15 20:59:00","2023-02-15 21:00:00","Wed 15th Feb 2023 (8am - 6pm)","2023-02-15","2023-02-15 21:00:00","2023-02-15 21:00:00","Wed 15th Feb 2023 (8am - 6pm)","2023-02-15","SRAL-0512-Y23","10",NULL,NULL,"0",NULL,NULL,NULL,NULL,NULL,NULL,NULL,NULL,,,,,"10.00","100","1000.00","100","1000.00","7","70.00","70.00","2023-02-17","email","2023-02-20","Approved",NULL,,"Wed 15th Feb 2023 (8am - 6pm)","2023-02-20","HS",NULL,"246.10","0","246.10","SRA-43465","2023-03-16","2023-02-24","Closed","Paid",NULL,,,"4","0",NULL,"0",NULL,"0","2023-03-14 16:06:55","2023-03-27 13:38:34"
"82","SRAL-3518-Y23","2","4","3","45","2023-02-20 18:39:00","2023-02-21 18:39:00","Mon 20th Jan 2023 (9pm - 9am)","2023-02-15","2023-02-20 18:38:00","2023-02-21 18:39:00","Mon 20th Jan 2023 (9pm - 9am)","2023-02-20","SRAL-0530-Y23","0",NULL,NULL,"12",NULL,NULL,NULL,NULL,NULL,NULL,NULL,NULL,,,,,"12.00","90","1080.00","90","1080.00","7","75.60","75.60","2023-03-01","email","2023-03-01","Approved",NULL,,"Monday 20th February 2023 (9pm – 9am)","2023-03-01","HS",NULL,"265.79","0","265.79","SRA-43495","2023-04-06","2023-03-03","Closed","Paid",NULL,,,"4","0",NULL,"0",NULL,"0","2023-03-15 11:39:10","2023-04-12 09:54:31"
"72","SRAL-3508-Y23","3","4","6","47","2023-02-16 10:24:00","2023-02-17 10:24:00","Tues 16th Feb 2023 (12midday - 10pm), Fri 17th Feb 2023 (12midday - 10pm)
","2023-02-15","2023-02-16 10:25:00","2023-02-17 10:25:00","Tues 16th Feb 2023 (12midday - 10pm), Fri 17th Feb 2023 (12midday - 10pm)
","2023-02-15","SRAL-0512-Y23","20",NULL,NULL,"0",NULL,NULL,NULL,NULL,NULL,NULL,NULL,NULL,,,,,"20.00","100","2000","100","2000.00","7","140.00","140.00","2023-02-20","email","2023-02-20","Approved",NULL,,"Thurs 16th Feb 2023 (12midday - 10pm), Fri 17th Feb 2023 (12midday - 10pm)","2023-02-20","HS",NULL,"492.2","0","492.20","SRA-43465","2023-03-16","2023-02-24","Closed","Paid",NULL,,,"4","0",NULL,"0",NULL,"0","2023-03-15 10:37:46","2023-03-27 13:38:17"
"73","SRAL-3509-Y23","3","4","6","47","2023-02-22 10:45:00","2023-02-23 10:45:00","Wed 22nd Feb 2023 (8am - 6pm), Thurs 23rd Feb 2023 (8am - 6pm)
","2023-02-15","2023-02-22 10:45:00","2023-02-23 10:45:00","Wed 22nd Feb 2023 (8am - 6pm), Thurs 23rd Feb 2023 (8am - 6pm)
","2023-02-15","SRAL-0526-Y23","20",NULL,NULL,"0",NULL,NULL,NULL,NULL,NULL,NULL,NULL,NULL,,,,,"20.00","100","2000","100","2000.00","7","140.00","140.00","2023-02-27","email","2023-02-28","Approved",NULL,,"Wed 22nd Feb 2023 (8am - 6pm), Thurs 23rd Feb 2023 (8am - 6pm)","2023-02-28","HS",NULL,"492.2","0","492.20","SRA-43486","2023-04-14","2023-03-03","Closed","Paid",NULL,,,"4","0",NULL,"0",NULL,"0","2023-03-15 10:48:01","2023-04-21 13:09:30"
"74","SRAL-3510-Y23","2","5","9","52","2023-02-17 10:49:00","2023-02-18 10:49:00","Fri 17th Feb 2023 (8:30pm - 9:30am)
","2023-02-15","2023-02-17 10:49:00","2023-02-18 10:49:00","Fri 17th Feb 2023 (8:30pm - 9:30am)
","2023-02-15","SRAL-0516-Y23","13",NULL,NULL,"0",NULL,NULL,NULL,NULL,NULL,NULL,NULL,NULL,,,,,"13.00","85","1105","85","1105.00","7","77.35","77.35","2023-02-20","whatsapp","2023-02-20","Approved",NULL,,"Fri 17th Feb 2023 (8:30pm – 9:30am)","2023-02-20","HS",NULL,"271.94","0","271.94","SRA-43469",NULL,"2023-02-24","Pending","Paid",NULL,,,"4","0",NULL,"0",NULL,"0","2023-03-15 10:51:59","2023-03-15 11:57:45"
"76","SRAL-3512-Y23","2","4","3","15","2023-02-20 11:05:00","2023-02-24 11:05:00","Mon 20th - Wed 22nd Feb 2023 (9am - 5pm), Fri 24th Feb 2023 (9am - 5pm), Thurs 23rd Feb 2023 (9am - 12midnight)
","2023-02-16","2023-02-20 11:05:00","2023-02-24 11:06:00","Mon 20th - Wed 22nd Feb 2023 (9am - 5pm), Thurs 23rd Feb 2023 (9am - 12midnight), Fri 24th Feb 2023 (9am - 5pm)
","2023-02-16","SRAL-0525-Y23","47",NULL,NULL,"0",NULL,NULL,NULL,NULL,NULL,NULL,NULL,NULL,,,,,"47.00","70","3290","70","3290.00","7","230.30","230.30","2023-02-27","whatsapp","2023-02-28","Approved",NULL,,"Mon 20th - Wed 22nd Feb 2023 (9am - 5pm), Fri 24th Feb 2023 (9am - 5pm), Thurs 23rd Feb 2023 (9am - 12midnight)","2023-02-28","HS",NULL,"809.67","0","809.67","SRA-43484","2023-04-06","2023-02-28","Closed","Paid",NULL,,,"4","0",NULL,"0",NULL,"0","2023-03-15 11:08:24","2023-04-12 09:55:48"
"77","SRAL-3513-Y23","2","5","3","52","2023-02-21 11:15:00","2023-02-22 11:15:00","Tues 21st Feb 2023 (9pm - 9am)
","2023-02-17","2023-02-21 11:17:00","2023-02-22 11:17:00","Tues 21st Feb 2023 (9pm - 9am)
","2023-02-17","SRAL-0521-Y23","0",NULL,NULL,"12",NULL,NULL,NULL,NULL,NULL,NULL,NULL,NULL,,,,,"12.00","100","1200","100","1200.00","7","84.00","84.00","2023-02-22","whatsapp","2023-02-23","Approved",NULL,,"Tues 21st Feb 2023 (9pm - 9am)","2023-02-23","HS",NULL,"295.32","0","295.32","SRA-43479","2023-03-16","2023-02-24","Closed","Paid",NULL,,,"4","0",NULL,"0",NULL,"0","2023-03-15 11:17:12","2023-04-12 10:02:19"
"83","SRAL-3519-Y23","4","4","10","53","2023-03-08 18:48:00","2023-03-13 18:48:00","Wed 8th  Thurs 9th Mar (8am - 5pm), Fri 10th (8am) - (9am) Sat 11th Mar, Sun 12th (8am) - (8am) Mon 13th Mar 2023","2023-02-20","2023-03-08 18:48:00","2023-03-13 18:48:00","Wed 8th  Thurs 9th Mar (8am - 5pm), Fri 10th (8am) - (9am) Sat 11th Mar, Sun 12th (8am) - (8am) Mon 13th Mar 2023","2023-02-20","SRAL-0544-Y23","66",NULL,NULL,"0",NULL,NULL,NULL,NULL,NULL,NULL,NULL,NULL,,,,,"66.00","80","5280.00","80","5280.00","7","369.60","369.60","2023-03-13","email","2023-03-14","Approved",NULL,"Note: This is a long-term locum and confirmation is made on each invoice/timesheet basis.","Wed 8th  Thurs 9th Mar (8am - 5pm), Fri 10th (8am) - (9am) Sat 11th Mar, Sun 12th (8am) - (8am) Mon 13th Mar 2023","2023-03-14","HS",NULL,"1299.41","0","1299.41","SRA-43517","2023-04-28","2023-03-17","Closed","Paid",NULL,,"Note: This is a long-term locum and confirmation is made on each invoice/timesheet basis.","4","0",NULL,"0",NULL,"0","2023-03-15 14:04:07","2023-05-02 15:40:08"
"84","SRAL-3520-Y23","2","4","4","44","2023-02-25 14:04:00","2023-02-26 14:04:00","Sat 25th Feb 2023 (9am - 11pm), Sun 26th Feb 2023 (9am - 12midnight)
","2023-02-21","2023-02-25 14:04:00","2023-02-26 14:04:00","Sat 25th Feb 2023 (9am - 11pm), Sun 26th Feb 2023 (9am - 12midnight)
","2023-02-21","SRAL-0529-Y23","29",NULL,NULL,"0",NULL,NULL,NULL,NULL,NULL,NULL,NULL,NULL,,,,,"29.00","90","2610","80","2320.00","7","182.70","472.70","2023-02-27","email","2023-02-28","Approved",NULL,,"Sat 25th Feb 2023 (9am - 11pm), Sun 26th Feb 2023 (9am - 12midnight)","2023-02-28","HS",NULL,"642.32","533.60","108.72","SRA-43489",NULL,"2023-03-01","Pending","Paid",NULL,,,"4","0",NULL,"0",NULL,"0","2023-03-15 14:10:12","2023-03-15 14:20:58"
"88","SRAL-3524-Y23","2","2","1","42","2023-03-20 14:25:00","2023-04-09 14:25:00","Mon 20th Mar - Fri 7th April 2023 (9am - 5pm)
","2023-02-23","2023-03-27 14:25:00","2023-03-31 14:26:00","Mon 20th Mar - Fri 7th April 2023 (9am - 5pm)
","2023-02-23","SRAL-0576-Y23","65",NULL,NULL,"0",NULL,NULL,NULL,NULL,NULL,NULL,NULL,NULL,,,,,"65.00","100","4890","90","4470","7","342.30","762.30","2023-04-05","email","2023-04-06","Approved",NULL,,"Medical Consultant (Onsite), Mon 27th March 2023 (8am - 5pm), Tues 28th March 2023 (9am - 5pm), Wed 29th March 2023 (9am - 5pm), Thurs 30th March 2023 (8am - 5pm), Fri 31st March 2023 (9am - 5pm), Medical Consultant (Offsite), Mon 27th March 2023 (12midnight - 8am), Wed 29th March 2023 (5pm - 8am)","2023-04-06","HS",NULL,"1203.43","0","1203.43","SRA-43568",NULL,"2023-04-06","Pending","Paid",NULL,,,"4","0",NULL,"0",NULL,"0","2023-03-15 14:26:42","2023-04-14 13:08:08"
"89","SRAL-3525-Y23","2","4","3","15","2023-02-27 19:43:00","2023-03-03 19:44:00","Mon 27th Feb - Fri 3rd March 2023 (9am – 5pm)","2023-02-24","2023-02-27 10:48:00","2023-03-03 10:48:00","Mon 27th Feb - Fri 3rd March 2023 (9am – 5pm)","2023-02-24","SRAL-0533-Y23","40",NULL,NULL,"0",NULL,NULL,NULL,NULL,NULL,NULL,NULL,NULL,,,,,"40.00","70","2800","70","2800.00","7","196.00","196.00","2023-03-06","whatsapp","2023-03-07","Approved",NULL,,"Mon 27th Feb - Fri 3rd March 2023 (9am – 5pm)","2023-03-07","HS",NULL,"689.08","0","689.08","SRA-43499",NULL,"2023-03-10","Pending","Paid",NULL,,,"4","0",NULL,"0",NULL,"0","2023-03-16 14:44:45","2023-03-20 13:13:37"
"91","SRA-3549-Y23","2","4","9","15","2023-03-20 09:00:00","2023-03-24 17:00:00","Mon 20th - Wed 22nd Mar 2023 (9am - 5pm), Fri 24th Mar 2023 (9am - 5pm)","2023-03-18","2023-03-20 09:00:00","2023-03-24 17:00:00","Mon 20th - Wed 22nd Mar 2023 (9am - 5pm), Fri 24th Mar 2023 (9am - 5pm)","2023-03-19","SRAL-0555-Y23","32",NULL,NULL,"0",NULL,NULL,NULL,NULL,NULL,NULL,NULL,NULL,,,,,"32.00","70","2240","65","2080.00","7","156.80","316.80","2023-03-27","whatsapp","2023-03-28","Approved",NULL,,"Mon 20th – Wed 22nd March 2023 (9am – 5pm), Fri 24th March 2023 (9am – 5pm)","2023-03-28","HS",NULL,"551.26","0","551.26","SRA-43534","2023-04-21","2023-03-31","Closed","Paid",NULL,,,"4","0",NULL,"0",NULL,"0","2023-03-18 09:48:33","2023-04-26 11:53:03"
"92","SRAL-3527-Y23","2","5","9","20","2023-03-03 11:19:00","2023-03-05 11:19:00","Fri 3rd March 2023 (8pm – 9am), Sat 4th March 2023 (8pm – 9am)","2023-02-27","2023-03-03 11:20:00","2023-03-05 11:20:00","Fri 3rd March 2023 (8pm – 9am), Sat 4th March 2023 (8pm – 9am)","2023-02-28","SRAL-0553-Y23","28",NULL,NULL,"0",NULL,NULL,NULL,NULL,NULL,NULL,NULL,NULL,,,,,"28.00","65","1820","65","1820.00","7","127.40","127.40","2023-03-24","email","2023-03-24","Approved",NULL,,"Fri 3rd March 2023 (8pm - 10am), Sat 4th March 2023 (8pm - 10am)","2023-03-24","HS",NULL,"447.90","0","447.90","SRA-43532",NULL,"2023-03-31","Pending","Paid",NULL,,,"4","0",NULL,"0",NULL,"0","2023-03-20 11:20:53","2023-04-03 16:13:50"
"93","SRAL-3528-Y23","3","4","14","31","2023-03-06 13:20:00","2023-03-10 13:20:00","Mon 6th – Thurs 9th Mar 2023 (8pm – 8:30am)","2023-02-28","2023-03-06 13:21:00","2023-03-10 13:21:00","Mon 6th – Thurs 9th Mar 2023 (8pm – 8:30am)","2023-02-28","SRAL-0537-Y23","49",NULL,NULL,"0",NULL,NULL,NULL,NULL,NULL,NULL,NULL,NULL,,,,,"49.00","100","4900","100","4900.00","7","343.00","343.00","2023-03-09","email","2023-03-10","Approved",NULL,,"Mon 6th Mar 2023 (9pm – 9am), Tues 7th Mar 2023 (9pm – 9am), Wed 8th Mar 2023 (9pm – 9:30am), Thurs 9th Mar 2023 (8:30pm – 9am)","2023-03-10","HS",NULL,"1205.89","0","1205.89","SRA-43510","2023-04-06","2023-03-10","Closed","Paid",NULL,,,"4","0",NULL,"0",NULL,"0","2023-03-20 13:24:12","2023-04-17 13:26:27"
"95","SRAL-3530-Y23","5","5","7","48","2023-02-08 13:45:00","2023-02-24 13:45:00","Wed 8th Feb 2023 (5pm) - (8am), Mon 20th Feb 2023 (5pm) - (8am), Thurs 23rd Feb 2023 (5pm) - (8am),
","2023-02-08","2023-02-08 13:48:00","2023-02-24 13:48:00","Wed 8th Feb 2023 (5pm) - (8am), Mon 20th Feb 2023 (5pm) - (8am), Thurs 23rd Feb 2023 (5pm) - (8am),
","2023-02-08","SRAL-0527-Y23","45",NULL,NULL,"0",NULL,NULL,NULL,NULL,NULL,NULL,NULL,NULL,,,,,"45.00","44","1980","44","1980.00","7","138.60","138.60","2023-02-27","whatsapp","2023-02-28","Approved",NULL,,"Wed 8th (5pm) – (8am) Thurs 9th Feb 2023, Mon 20th (5pm) – (8am) Tues 21st Feb 2023, Thurs 23rd (5pm) – (8am) Fri 24th Feb 2023","2023-02-28","HS",NULL,"487.28","0","487.28","SRA-43487",NULL,"2023-03-03","Pending","Paid",NULL,,,"4","0",NULL,"0",NULL,"0","2023-03-20 13:51:52","2023-03-20 14:08:24"
"96","SRAL-3531-Y23","2","4","3","51","2023-03-01 13:59:00","2023-03-02 13:59:00","Wed 1st Mar 2023 (9pm – 8:30am)","2023-03-01","2023-03-01 14:00:00","2023-03-02 14:00:00","Wed 1st Mar 2023 (9pm – 8:30am)","2023-03-01","SRAL-0532-Y23","12",NULL,NULL,"0",NULL,NULL,NULL,NULL,NULL,NULL,NULL,NULL,,,,,"12.00","70","840","70","840.00","7","58.80","58.80","2023-03-02","whatsapp","2023-03-03","Approved",NULL,,"Wed 1st March 2023 (9pm - 9am)","2023-03-03","HS",NULL,"206.72","0","206.72","SRA-43498","2023-04-06","2023-03-03","Closed","Paid",NULL,,,"4","0",NULL,"0",NULL,"0","2023-03-20 14:02:23","2023-04-12 09:56:50"
"97","SRAL-3532-Y23","3","4","14","47","2023-02-26 14:16:00","2023-02-26 14:16:00","Sun 26th Feb 2023 (10am – 8pm)","2023-02-26","2023-02-26 14:16:00","2023-02-26 14:17:00","Sun 26th Feb 2023 (10am – 8pm)","2023-02-26","SRAL-0539-Y23","10",NULL,NULL,"0",NULL,NULL,NULL,NULL,NULL,NULL,NULL,NULL,,,,,"10.00","100","1000","100","1000.00","7","70.00","70.00","2023-03-13","email","2023-03-14","Approved",NULL,,"Sun 26th Feb 2023 (10am – 8pm)","2023-03-14","HS",NULL,"246.1","0","246.10","SRA-43512","2023-04-06","2023-03-17","Closed","Paid",NULL,,,"4","0",NULL,"0",NULL,"0","2023-03-20 14:19:22","2023-04-17 13:54:21"
"98","SRA-3550-Y23","2","5","3","45","2023-03-22 21:00:00","2023-03-23 21:00:00","Wed 22nd (9pm )- (9am) Thurs 23rd Mar 2023","2023-03-20","2023-03-22 14:39:00","2023-03-23 14:39:00","Wed 22nd (9pm )- (9am) Thurs 23rd Mar 2023","2023-03-20","SRAL-0565-Y23","12",NULL,NULL,"0",NULL,NULL,NULL,NULL,NULL,NULL,NULL,NULL,,,,,"12.00","60","720","60","720.00","7","50.40","50.40","2023-03-30","whatsapp","2023-03-30","Approved",NULL,,"Wed 22nd (9pm )- (9am) Thurs 23rd Mar 2023","2023-03-30","HS",NULL,"177.192","0","177.19","SRA-43549",NULL,"2023-03-31","Pending","Paid",NULL,,,"4","0",NULL,"0",NULL,"0","2023-03-20 14:40:18","2023-04-14 11:43:56"
"99","SRAL-3533-Y23","3","4","14","47","2023-03-07 14:58:00","2023-03-13 14:59:00","Tues 7th Mar 2023 (8am – 6pm), Fri 10th Mar 2023 (12midday – 10pm), Sat 11th Mar 2023 (8pm – 8:30am), Sun 12th Mar 2023 (8pm – 8:30am)","2023-03-01","2023-03-07 15:01:00","2023-03-13 15:01:00","Tues 7th Mar 2023 (8am – 6pm), Fri 10th Mar 2023 (12midday – 10pm), Sat 11th Mar 2023 (8pm – 8:30am), Sun 12th Mar 2023 (8pm – 8:30am)","2023-03-01","SRAL-0540-Y23","45",NULL,NULL,"0",NULL,NULL,NULL,NULL,NULL,NULL,NULL,NULL,,,,,"45.00","100","4500","100","4500.00","7","315.00","315.00","2023-03-13","email","2023-03-14","Approved",NULL,,"Tues 7th Mar 2023 (12midday - 10pm), Fri 10th Mar 2023 (12midday - 10pm), Sat 11th Mar 2023 (8pm – 8:30am), Sun 12th Mar 2023 (8pm – 8:30am)","2023-03-14","HS",NULL,"1107.45","0","1107.45","SRA-43513","2023-04-06","2023-03-17","Closed","Paid",NULL,,,"4","0",NULL,"0",NULL,"0","2023-03-20 15:03:31","2023-04-17 13:45:01"
"100","SRAL-3534-Y23","3","4","14","47","2023-03-23 15:15:00","2023-03-27 15:15:00","Thurs 23rd – Sun 26th Mar 2023 (8pm – 8:30am)","2023-03-01","2023-03-23 15:15:00","2023-03-27 15:15:00","Thurs 23rd – Sun 26th Mar 2023 (8pm – 8:30am)","2023-03-01","SRAL-0558-Y23","50",NULL,NULL,"0",NULL,NULL,NULL,NULL,NULL,NULL,NULL,NULL,,,,,"50.00","100","5000","100","5000.00","7","350.00","350.00","2023-03-27","email","2023-03-28","Approved",NULL,,"Thurs 23rd - Sun 26th March 2023 (8pm - 8:30am)","2023-03-28","HS",NULL,"1230.5","0","1230.50","SRA-43537","2023-04-21","2023-03-31","Closed","Paid",NULL,,,"4","0",NULL,"0",NULL,"0","2023-03-20 15:16:19","2023-04-26 11:57:40"
"101","SRAL-3535-Y23","3","4","14","47","2023-03-17 15:30:00","2023-03-17 15:30:00","Fri 17th March 2023 (12midday – 10pm)","2023-03-01","2023-03-17 15:31:00","2023-03-17 15:31:00","Fri 17th March 2023 (12midday – 10pm)","2023-03-01","SRAL-0556-Y23","10",NULL,NULL,"0",NULL,NULL,NULL,NULL,NULL,NULL,NULL,NULL,,,,,"10.00","100","1000","100","1000.00","7","70.00","70.00",NULL,"email",NULL,"Approved",NULL,,"Fri 17th March 2023 (12midday - 10pm)","2023-03-28","HS",NULL,"246.1","0","246.10","SRA-43535","2023-04-21","2023-03-31","Closed","Paid",NULL,,,"4","0",NULL,"0",NULL,"0","2023-03-20 15:31:47","2023-04-26 11:54:31"
"102","SRAL-3536-Y23","3","4","14","47","2023-03-30 10:53:00","2023-04-01 10:53:00","Thurs 30th  Mar 2023 (8am – 4pm), Fri 31st Mar 2023 (8pm – 8:30am)","2023-03-01","2023-03-30 10:54:00","2023-04-01 10:54:00","Thurs 30th  Mar 2023 (8am – 4pm), Fri 31st Mar 2023 (8pm – 8:30am)","2023-03-01","SRAL-0571-Y23","20.50",NULL,NULL,"0",NULL,NULL,NULL,NULL,NULL,NULL,NULL,NULL,,,,,"20.50","100","2050","100","2050.00","7","143.50","143.50","2023-04-04","email","2023-04-04","Approved",NULL,,"Thurs 30th March 2023 (8am – 4pm), Fri 31st March 2023 (8pm – 8:30am)","2023-04-04","HS",NULL,"504.50","0","504.50","SRA-43555","2023-03-28","2023-04-06","Closed","Paid",NULL,,,"4","0",NULL,"0",NULL,"0","2023-03-21 10:54:51","2023-05-02 15:49:23"
"109","SRAL-3537-Y23","2","2","11","68","2023-03-06 13:18:00","2023-03-12 13:18:00","Mon 6th Mar (5pm) - (5pm) Fri 10th Mar 2023","2023-03-06","2023-03-06 13:19:00","2023-03-10 13:19:00","Mon 6th Mar (5pm) - (5pm) Fri 10th Mar 2023","2023-03-06","SRAL-0543-Y23","64",NULL,NULL,"0",NULL,NULL,NULL,NULL,NULL,NULL,NULL,NULL,,,,,"64.00","100","6130","90","4380","7","429.10","2179.10","2023-03-13","email","2023-03-14","Approved",NULL,"35 hours Onsite 
29 hours Offsite","Onsite Hrs: 35.00, Mon 6th March 2023 (8pm - 10pm), Tues 7th March 2023 (8am - 5pm), Wed 8th March 2023 (9am - 5pm), Thurs 9th March 2023 (9am - 5pm), Fri 10th March 2023 (9am - 4pm & 8pm - 9pm), Offsite Hrs: 29, Mon 6th March 2023 (4pm - 8pm & 10pm - 8am), Fri 10th March 2023 (4pm - 8pm & 9pm - 8am)","2023-03-14","HS",NULL,"1508.59","1007.4","501.19","SRA-43516","2023-04-06","2023-03-17","Closed","Paid",NULL,,,"4","0",NULL,"0",NULL,"0","2023-03-21 13:35:34","2023-04-12 09:58:53"
"111","SRA-3557-Y23","3","4","14","47","2023-03-21 12:00:00","2023-03-22 22:00:00","Tues 21st March 2023 (6pm - 6am)","2023-03-21","2023-03-21 12:00:00","2023-03-22 22:00:00","Tues 21st March 2023 (6pm - 6am)","2023-03-21","SRAL-0557-Y23","12",NULL,NULL,"0",NULL,NULL,NULL,NULL,NULL,NULL,NULL,NULL,,,,,"12.00","100","1200","100","1200.00","7","84.00","84.00","2023-03-27","email","2023-03-28","Approved",NULL,,"Tues 21st March 2023 (6pm - 6am)","2023-03-28","HS",NULL,"295.32","0","295.32","SRA-43536","2023-04-21","2023-03-31","Closed","Paid",NULL,,,"4","0",NULL,"0",NULL,"0","2023-03-22 10:41:28","2023-04-26 11:56:36"
"112","SRA-3558-Y23","3","4","14","47","2023-04-04 10:45:00","2023-04-04 10:45:00","Tues 4th Apr 2023 (12PM - 10PM)","2023-03-22","2023-04-04 10:46:00","2023-04-04 10:46:00","Tues 4th Apr 2023 (12PM - 10PM)","2023-03-22","SRAL-0573-Y23","10",NULL,NULL,"0",NULL,NULL,NULL,NULL,NULL,NULL,NULL,NULL,,,,,"10.00","100","1000","100","1000.00","7","70.00","70.00","2023-04-03","email","2023-04-04","Approved",NULL,,"Tues 4th Apr 2023 (12pm - 10pm)","2023-04-04","HS",NULL,"246.1","0","246.10","SRA-43557","2023-04-28","2023-04-07","Closed","Paid",NULL,,,"4","0",NULL,"0",NULL,"0","2023-03-22 10:46:55","2023-05-02 15:52:03"
"113","SRA-3559-Y23","3","4","14","47","2023-04-07 10:57:00","2023-04-09 10:58:00","Fri 7th Apr 2023 (8am - 6pm), Sat 8th Apr 2023 (12pm - 10pm), Sun 9th Apr 2023 (8am - 8:30pm)","2023-03-22","2023-04-07 11:01:00","2023-04-09 11:01:00","Fri 7th Apr 2023 (8am - 6pm), Sat 8th Apr 2023 (12pm - 10pm), Sun 9th Apr 2023 (8am - 8:30pm)","2023-03-22","SRAL-0592-Y23","30.50",NULL,NULL,"0",NULL,NULL,NULL,NULL,NULL,NULL,NULL,NULL,,,,,"30.50","100","3050","100","3050.00","7","213.50","NaN","2023-04-12","email","2023-04-13","Approved",NULL,,"Fri 7th Apr 2023 (3pm - 11pm), Sat 8th Apr 2023 (12pm - 10pm), Sun 9th Apr 2023 (8am - 8:30pm)","2023-04-13","HS",NULL,"750.61","0","750.61","SRA-43590",NULL,"2023-04-14","Pending","Paid",NULL,,,"4","0",NULL,"0",NULL,"0","2023-03-22 11:01:40","2023-04-14 13:25:15"
"117","SRAL-3540-Y23","2","4","13","44","2023-03-10 13:17:00","2023-03-13 13:17:00","Fri 10th Mar 2023 (9am – 5pm), Mon 13th Mar 2023 (9am – 5pm)","2023-03-09","2023-03-10 13:17:00","2023-03-13 13:17:00","Fri 10th Mar 2023 (9am – 5pm), Mon 13th Mar 2023 (9am – 5pm)","2023-03-09","SRAL-0546-Y23","18",NULL,NULL,"0",NULL,NULL,NULL,NULL,NULL,NULL,NULL,NULL,,,,,"18.00","65","1170","60","1080.00","7","81.90","171.90","2023-03-14","email","2023-03-15","Approved",NULL,,"Fri 10th March 2023 (9am – 5pm), Mon 13th March 2023 (9am - 7pm)","2023-03-15","HS",NULL,"287.94","248.4","39.54","SRA-43521","2023-04-14","2023-03-17","Closed","Paid",NULL,,,"4","0",NULL,"0",NULL,"0","2023-03-22 13:20:59","2023-04-21 13:08:05"
"118","SRAL-3541-Y23","2","2","11","68","2023-03-10 13:23:00","2023-03-12 13:23:00","Friday 10th (5pm) – (5pm) Sun 12th Mar 2023","2023-03-09","2023-03-10 13:23:00","2023-03-12 13:23:00","Friday 10th (5pm) – (5pm) Sun 12th Mar 2023","2023-03-09","SRAL-0543-Y23","33",NULL,NULL,"0",NULL,NULL,NULL,NULL,NULL,NULL,NULL,NULL,,,,,"33.00","100","1760","90","1650","7","123.20","233.20","2023-03-13","email","2023-03-14","Approved",NULL,,"Onsite Hrs: 11.00, Sat 11th Mar 2023 (8am - 1pm & 8pm - 9pm), Sun 12th Mar 2023 (8am - 1pm), Offsite Hrs: 22, Sat 11th March 2023 (1pm - 8pm & 9pm - 8am), Sun 12th March 2023 (1pm - 5pm)  ","2023-03-14","HS",NULL,"433.14","379.5","53.64","SRA-43516","2023-04-06","2023-03-17","Closed","Paid",NULL,,,"4","0",NULL,"0",NULL,"0","2023-03-22 13:29:17","2023-04-12 09:58:36"
"120","SRAL-3543-Y23","2","4","3","15","2023-03-16 13:33:00","2023-03-17 13:33:00","Thurs 16th Mar 2023 (9am – 12midnight), Fri 17th Mar 2023 (9am – 5pm)","2023-03-10","2023-03-16 13:34:00","2023-03-17 13:34:00","Thurs 16th Mar 2023 (9am – 12midnight), Fri 17th Mar 2023 (9am – 5pm)","2023-03-10","SRAL-0552-Y23","22",NULL,NULL,"0",NULL,NULL,NULL,NULL,NULL,NULL,NULL,NULL,,,,,"22.00","70","1540","70","1540.00","7","107.80","107.80","2023-03-23","whatsapp","2023-03-24","Approved",NULL,,"Thurs 16th March 2023 (9am – 11pm), Fri 17th March 2023 (9am – 5pm)","2023-03-24","HS",NULL,"378.99","0","378.99","SRA-43531",NULL,"2023-03-24","Pending","Paid",NULL,,,"4","0",NULL,"0",NULL,"0","2023-03-22 13:34:51","2023-03-29 10:45:07"
"122","SRAL-3545-Y23","2","5","3","51","2023-03-15 14:17:00","2023-03-16 14:17:00","Wed 15th March 2023 (9pm – 9am)","2023-03-13","2023-03-15 14:18:00","2023-03-16 14:18:00","Wed 15th March 2023 (9pm – 9am)","2023-03-13","SRAL-0548-Y23","12",NULL,NULL,"0",NULL,NULL,NULL,NULL,NULL,NULL,NULL,NULL,,,,,"12.00","60","720","60","720.00","7","50.40","50.40","2023-03-15","whatsapp","2023-03-16","Approved",NULL,,"Wed 15th March 2023 (9pm – 9am)","2023-03-16","HS",NULL,"177.19","0","177.19","SRA-43523",NULL,"2023-03-17","Pending","Paid",NULL,,,"4","0",NULL,"0",NULL,"0","2023-03-22 14:19:47","2023-03-22 16:17:47"
"123","SRAL-3547-Y23","3","4","14","47","2023-03-14 14:21:00","2023-03-14 14:21:00","Tuesday 14th March 2023 (12midday – 10pm)","2023-03-14","2023-03-14 14:21:00","2023-03-14 14:21:00","Tuesday 14th March 2023 (12midday – 10pm)","2023-03-14","SRAL-0542-Y23","10",NULL,NULL,"0",NULL,NULL,NULL,NULL,NULL,NULL,NULL,NULL,,,,,"10.00","100","1000","100","1000.00","7","70.00","70.00","2023-03-14","email","2023-03-14","Approved",NULL,,"Tuesday 14th  March 2023 (12midday – 10pm)","2023-03-14","HS",NULL,"246.1","0","246.10","SRA-43515","2023-04-06","2023-03-17","Closed","Paid",NULL,,,"4","0",NULL,"0",NULL,"0","2023-03-22 14:23:03","2023-04-17 13:57:10"
"124","SRAL-3546-Y23","3","4","14","47","2023-03-08 14:28:00","2023-03-08 14:28:00","Wed 8th March 2023 (4pm - 12midnight)","2023-03-08","2023-03-08 14:29:00","2023-03-08 14:29:00","Wed 8th March 2023 (4pm - 12midnight)","2023-03-08","SRAL-0541-Y23","8",NULL,NULL,"0",NULL,NULL,NULL,NULL,NULL,NULL,NULL,NULL,,,,,"8.00","100","800","100","800.00","7","56.00","56.00","2023-03-14","email","2023-03-14","Approved",NULL,,"Wed 8th March 2023 (4pm - 12midnight)","2023-03-14","HS",NULL,"196.88","0","196.88","SRA-43514","2023-04-06","2023-03-17","Closed","Paid",NULL,,,"4","0",NULL,"0",NULL,"0","2023-03-22 14:31:15","2023-04-17 13:55:47"
"125","SRAL-3548-Y23","2","2","11","1","2023-03-20 14:31:00","2023-03-24 14:32:00","Mon 20th – Fri 24th Mar 2023 (9am – 5pm)","2023-03-16","2023-03-20 14:32:00","2023-03-26 14:32:00","Mon 20th – Fri 24th Mar 2023 (9am – 5pm)","2023-03-16","SRAL-0567-Y23","84",NULL,NULL,"0",NULL,NULL,NULL,NULL,NULL,NULL,NULL,NULL,,,,,"84.00","100","7700","100","7700","7","539.00","539.00","2023-03-31","whatsapp","2023-03-31","Approved",NULL,,"Onsite Hrs: 84.00, Mon 20th March 2023 (8am - 12midnight), Tues 21st March 2023 (12midnight - 2am & 8am - 6pm), Wed 22nd March 2023 (8am - 6pm), Thurs 23rd March 2023 (8am - 12midnight), Fri 24th March 2023 (12midnight - 2am & 6am - 12midnight), Offsite Hrs: 18.00, Tues 21st March 2023 (2am - 8am), Fri 24th March 2023 (2am - 6am)","2023-03-31","HS",NULL,"1894.97","0","1894.97","SRA-43551",NULL,"2023-03-31","Pending","Paid",NULL,,,"4","0",NULL,"0",NULL,"0","2023-03-22 14:32:49","2023-04-14 11:30:35"
"127","SRAL-3563-Y23","2","2","11","1","2023-03-27 12:59:00","2023-03-31 12:59:00","Mon 27th - Fri 31st Mar 2023 (9am - 5pm)","2023-03-23","2023-03-27 13:00:00","2023-03-31 13:00:00","Mon 27th - Fri 31st Mar 2023 (9am - 5pm)","2023-03-23","SRAL-0569-Y23","84",NULL,NULL,"0",NULL,NULL,NULL,NULL,NULL,NULL,NULL,NULL,,,,,"84.00","100","8120","100","8120","7","568.40","568.40","2023-04-03","whatsapp","2023-04-03","Approved",NULL,,"Onsite Hrs: 80.00, Mon 27th March 2023 (12midnight - 2am & 6am - 6pm), Tues 28th March 2023 (6am - 6pm), Wed 29th March 2023 (6am - 6pm), Thurs 30th March 2023 (6am - 12midnight), Fri 31st March 2023 (12midnight - 12midnight), Offsite Hrs: 4.00, Mon 27th March 2023 (2am - 6am)","2023-04-03","HS",NULL,"1998.33","0","1998.33","SRA-43553",NULL,"2023-04-06","Pending","Paid",NULL,,,"4","0",NULL,"0",NULL,"0","2023-03-23 13:00:52","2023-04-14 10:45:07"
"130","SRAL-3493-Y23","2","2","1","42","2023-03-13 10:23:00","2023-03-16 10:23:00","Mon 20th Feb - Fri 17th Mar 2023 (9am - 5pm)
","2023-01-31","2023-03-13 10:23:00","2023-03-16 10:23:00","Mon 20th Feb - Fri 17th Mar 2023 (9am - 5pm)
","2023-01-31","SRAL-0551-Y23","32",NULL,NULL,"0",NULL,NULL,NULL,NULL,NULL,NULL,NULL,NULL,,,,,"32.00","90","2880","90","2880.00","7","201.60","201.60","2023-03-22","email","2023-03-23","Approved",NULL,,"Mon 13th - Thurs 16th March 2023 (9am - 5pm)","2023-03-23","HS",NULL,"708.77","0","708.77","SRA-43530",NULL,"2023-03-24","Pending","Paid",NULL,,,"4","0",NULL,"0",NULL,"0","2023-03-24 10:26:18","2023-03-24 10:50:06"
"131","SRAL-3519-Y23","4","4","10","53","2023-03-13 10:31:00","2023-03-19 10:31:00","Thurs 9th Mar – Mon 10th July 2023 (8am – 5pm), Plus On Calls","2023-02-20","2023-03-13 10:31:00","2023-03-19 10:31:00","Thurs 9th Mar – Mon 10th July 2023 (8am – 5pm), Plus On Calls","2023-02-20","SRAL-0550-Y23","78",NULL,NULL,"0",NULL,NULL,NULL,NULL,NULL,NULL,NULL,NULL,,,,,"78.00","80","5490","80","5490","7","384.30","384.30","2023-03-22","email","2023-03-23","Approved",NULL,,"Hours: 63.00, Mon 13th - Sun 19th March 2023 (8am - 5pm), Offsite Hours: 15.00, Wed 15th March 2023 (5pm - 8am)","2023-03-23","HS",NULL,"1351.09","0","1351.09","SRA-43529","2023-04-28","2023-03-24","Closed","Paid",NULL,,,"4","0",NULL,"0",NULL,"0","2023-03-24 10:35:55","2023-05-02 15:42:16"
"136","SRAL-3568-Y23","2","5","3","20","2023-03-26 16:05:00","2023-03-27 16:05:00","Sun 26th Mar 2023 (9pm - 9:30am)","2023-03-24","2023-03-26 16:06:00","2023-03-27 16:06:00","Sun 26th Mar 2023 (9pm - 9:30am)","2023-03-26","SRAL-0575-Y23","13",NULL,NULL,"0",NULL,NULL,NULL,NULL,NULL,NULL,NULL,NULL,,,,,"13.00","65","845","65","845.00","7","59.15","NaN","2023-04-06","whatsapp","2023-04-06","Approved",NULL,,"Sun 26th March 2023 (9pm - 10am)","2023-04-06","HS",NULL,"207.95","0","207.95","SRA-43567",NULL,"2023-04-06","Pending","Pending",NULL,,,"4","0",NULL,"0",NULL,"0","2023-03-24 16:08:42","2023-04-07 11:47:38"
"137","SRAL-3479-Y23","2","2","13","1","2023-02-13 12:18:00","2023-02-17 12:18:00","Mon 30th Jan - Fri 24th Feb 2023 (9am - 5pm)","2023-01-25","2023-02-13 12:19:00","2023-02-17 12:19:00","Mon 13th - Fri 17th Feb 2023 (8am – 6pm)","2023-01-25","SRAL-0519-Y23","50",NULL,NULL,"0",NULL,NULL,NULL,NULL,NULL,NULL,NULL,NULL,,,,,"50.00","100","5000","100","5000.00","7","350.00","350.00","2023-02-22","email","2023-02-23","Approved",NULL,,"Mon 13th - Fri 17th Feb 2023 (8am – 6pm)","2023-02-23","HS",NULL,"1230.5","0","1230.50","SRA-43477","2023-03-24","2023-02-24","Closed","Paid",NULL,,,"4","0",NULL,"0",NULL,"0","2023-03-27 13:22:10","2023-03-27 13:27:46"
"138","SRAL-3479-Y23","2","2","13","1","2023-02-20 12:22:00","2023-03-24 12:22:00","Mon 30th Jan – Fri 24th Feb 2023 (9am – 5pm) ","2023-01-25","2023-02-20 12:23:00","2023-02-24 12:23:00","Mon 20th - Fri 24th Feb 2023 (8am – 6pm)","2023-01-25","SRAL-0524-Y23","50",NULL,NULL,"0",NULL,NULL,NULL,NULL,NULL,NULL,NULL,NULL,,,,,"50.00","100","5000","100","5000.00","7","350.00","350.00","2023-02-27","email","2023-02-28","Approved",NULL,,"Mon 20th - Fri 24th Feb 2023 (8am – 6pm)","2023-02-28","HS",NULL,"1230.5","0","1230.50","SRA-43483","2023-03-24","2023-03-03","Closed","Paid",NULL,,,"4","0",NULL,"0",NULL,"0","2023-03-27 13:24:33","2023-03-27 13:30:23"
"151","SRAL-3582-Y23","3","4","17","65","2023-03-08 13:00:00","2023-03-10 13:00:00","Wed 8th March 2023 (8am - 5pm),
Thurs 9th March 2023 (8am - 5pm),
Fri 10th March 2023 (8am - 6pm)","2023-03-08","2023-03-08 13:00:00","2023-03-10 13:00:00","Wed 8th March 2023 (8am - 5pm),
Thurs 9th March 2023 (8am - 5pm),
Fri 10th March 2023 (8am - 6pm)","2023-03-08","SRAL-0554-Y23","28",NULL,NULL,"0",NULL,NULL,NULL,NULL,NULL,NULL,NULL,NULL,,,,,"28.00","60","1680","60","1680.00","7","117.60","117.60","2023-03-27","email","2023-03-27","Approved",NULL,,"Wed 8th March 2023 (8am - 5pm), Thurs 9th March 2023 (8am - 5pm), Fri 10th March 2023 (8am - 6pm)","2023-03-27","HS",NULL,"413.45","386.4","27.05","SRA-43533",NULL,"2023-03-31","Pending","Paid",NULL,,,"4","0",NULL,"0",NULL,"0","2023-03-28 14:04:28","2023-04-14 12:01:34"
"152","SRAL-3582-Y23","3","4","18","65","2023-03-25 14:07:00","2023-03-26 14:07:00","Sat 25th March 2023 (10am - 8:30pm), Sun 26th March 2023 (10am - 8pm)
","2023-03-25","2023-03-25 14:08:00","2023-03-26 14:08:00","Sat 25th March 2023 (10am - 8:30pm), Sun 26th March 2023 (10am - 8pm)
","2023-03-26","SRAL-0560-Y23","20.5",NULL,NULL,"0",NULL,NULL,NULL,NULL,NULL,NULL,NULL,NULL,,,,,"20.50","70","1435","70","1435.00","7","100.45","100.45","2023-03-27","email","2023-03-28","Approved",NULL,,"Sat 25th March 2023 (10am - 8:30pm), Sun 26th March 2023 (10am - 8pm)","2023-03-28","HS",NULL,"353.15","330.05","23.10","SRA-43539",NULL,"2023-04-06","Pending","Paid",NULL,,,"4","0",NULL,"0",NULL,"0","2023-03-28 15:09:05","2023-04-14 12:01:57"
"154","SRAL-3584-Y23","3","4","18","65","2023-04-01 15:37:00","2023-04-02 15:37:00","Sat 1st & Sun 2nd Apr 2023 (10am - 8pm)","2023-03-29","2023-04-01 15:37:00","2023-04-02 15:37:00","Sat 1st & Sun 2nd Apr 2023 (10am - 8pm)","2023-04-01","SRAL-0568-Y23","10",NULL,NULL,"0",NULL,NULL,NULL,NULL,NULL,NULL,NULL,NULL,,,,,"10.00","70","700","70","700.00","7","49.00","49.00","2023-04-03","email","2023-04-03","Approved",NULL,"Cancel Sat 1st April Shift","Sun 2nd April 2023 (10am - 8pm)","2023-04-03","HS",NULL,"172.27","161","11.27","SRA-43552",NULL,"2023-04-06","Pending","Paid",NULL,,,"4","0",NULL,"0",NULL,"0","2023-03-29 15:38:07","2023-04-14 12:02:21"
"155","SRAL-3589-Y23","2","4","4","44","2023-04-07 10:12:00","2023-04-07 10:12:00","Fri 7th Apr 2023 (8:30am - 7pm)","2023-03-31","2023-04-07 10:12:00","2023-04-07 10:12:00","Fri 7th Apr 2023 (8:30am - 7pm)",NULL,"SRAL-0590-Y23","10.5",NULL,NULL,"0",NULL,NULL,NULL,NULL,NULL,NULL,NULL,NULL,,,,,"10.50","90","945","80","840.00","7","66.15","171.15","2023-04-12","whatsapp","2023-04-12","Approved",NULL,,"Fri 7th April 2023 (8:30am – 7pm),","2023-04-12","HS",NULL,"232.56","217.35","15.21","SRA-43588",NULL,"2023-04-14","Pending","Paid",NULL,,,"4","0",NULL,"0",NULL,"0","2023-03-30 11:13:00","2023-04-14 13:16:15"
"156","SRAL-3585-Y23","2","5","3","45","2023-03-29 11:20:00","2023-03-30 11:20:00","Wed 29th (9pm )- (9am) Thurs 30 Mar 2023 ","2023-03-29","2023-03-29 11:21:00","2023-03-30 11:21:00","Wed 29th (9pm )- (9am) Thurs 30 Mar 2023 ","2023-03-29","SRAL-0566-Y23","12",NULL,NULL,"0",NULL,NULL,NULL,NULL,NULL,NULL,NULL,NULL,,,,,"12.00","60","720","60","720.00","7","50.40","50.40","2023-03-30","whatsapp","2023-03-30","Approved",NULL,,"Wed 29th (9pm )- (9am) Thurs 30 Mar 2023 ","2023-03-30","HS",NULL,"177.192","0","177.19","SRA-43550",NULL,"2023-03-31","Pending","Paid",NULL,,,"4","0",NULL,"0",NULL,"0","2023-03-30 11:21:39","2023-04-14 11:45:55"
"158","SRAL-3586-Y23","2","4","4","44","2023-04-08 12:29:00","2023-04-10 12:29:00","Sat 8th - Mon 10th Apr 2023 (8:30am - 7pm)","2023-03-30","2023-04-08 12:30:00","2023-04-10 12:30:00","Sat 8th - Mon 10th Apr 2023 (8:30am - 7pm)","2023-03-30","SRAL-0591-Y23","32.50",NULL,NULL,"0",NULL,NULL,NULL,NULL,NULL,NULL,NULL,NULL,,,,,"32.50","90","2925","80","2600.00","7","204.75","529.75","2023-04-12","whatsapp","2023-04-12","Approved",NULL,,"Sat 8th April 2023 (8:30am - 7:30pm), Sun 9th April 2023 (8:30am - 7:30pm), Mon 10th April 2023 (8:30am - 7pm)","2023-04-12","HS",NULL,"719.84","672.75","47.09","SRA-43589",NULL,"2023-04-14","Pending","Paid",NULL,,,"4","0",NULL,"0",NULL,"0","2023-03-30 12:31:20","2023-04-14 13:20:30"
"159","SRAL-3587-Y23","2","4","3","45","2023-04-03 13:56:00","2023-04-04 13:57:00","Mon 3rd Apr 2023 (9pm - 9am)","2023-03-30","2023-04-03 13:58:00","2023-04-04 13:58:00","Mon 3rd Apr 2023 (9pm - 9am)","2023-03-30","SRAL-0574-Y23","12",NULL,NULL,"0",NULL,NULL,NULL,NULL,NULL,NULL,NULL,NULL,,,,,"12.00","75","900","75","900.00","7","63.00","63.00","2023-04-05","email","2023-04-06","Approved",NULL,,"Mon 3rd April 2023 (9pm - 9am)","2023-04-06","HS",NULL,"221.49","0","221.49","SRA-43566",NULL,"2023-04-06","Pending","Paid",NULL,,,"4","0",NULL,"0",NULL,"0","2023-03-30 13:58:39","2023-04-07 11:40:58"
"161","SRAL-3590-Y23","2","5","3","20","2023-04-03 12:08:00","2023-04-06 12:08:00","Mon 3rd - Thurs 6th Apr 2023 (9am - 5pm)","2023-03-31","2023-04-03 12:28:00","2023-04-06 12:28:00","Mon 3rd - Thurs 6th Apr 2023 (9am - 5pm)","2023-03-31","SRAL-0577-Y23","32",NULL,NULL,"0",NULL,NULL,NULL,NULL,NULL,NULL,NULL,NULL,,,,,"32.00","55","1760","55","1760.00","7","123.20","123.20","2023-04-10","email","2023-04-11","Approved",NULL,,"Mon 3rd - 6th April 2023 (9am - 5pm)","2023-04-11","HS",NULL,"433.14","0","433.14","SRA-43569",NULL,"2023-04-06","Pending","Paid",NULL,,,"4","0",NULL,"0",NULL,"0","2023-03-31 12:29:03","2023-04-14 11:58:06"
"162","SRAL-3591-Y23","2","5","3","20","2023-04-07 13:51:00","2023-04-08 13:51:00","Fri 7th & Sat 8th Apr 2023 (9am - 9pm)","2023-03-31","2023-04-07 12:31:00","2023-04-08 12:34:00","Fri 7th & Sat 8th Apr 2023 (9am - 9pm)","2023-03-31","SRAL-0578-Y23","24",NULL,NULL,"0",NULL,NULL,NULL,NULL,NULL,NULL,NULL,NULL,,,,,"24.00","55","1320","55","1320.00","7","92.40","92.40","2023-04-10","email","2023-04-11","Approved",NULL,,"Fri 7th April 2023 (9am - 9pm), Sat 8th April 2023 (9am - 9pm)","2023-04-11","HS",NULL,"324.85","0","324.85","SRA-43570",NULL,"2023-04-14","Pending","Paid",NULL,,,"4","0",NULL,"0",NULL,"0","2023-03-31 12:36:07","2023-04-14 12:03:08"
"163","SRAL-3592-Y23","3","4","14","47","2023-04-01 10:23:00","2023-04-03 10:23:00","Sat 1st & Sun 2nd Apr 2023 (6pm - 2am) ","2023-04-04","2023-04-01 10:24:00","2023-04-03 10:24:00","Sat 1st & Sun 2nd Apr 2023 (6pm - 2am)","2023-04-04","SRAL-0572-Y23","16",NULL,NULL,"0",NULL,NULL,NULL,NULL,NULL,NULL,NULL,NULL,,,,,"16.00","100","1600","100","1600.00","7","112.00","112.00","2023-04-04","email","2023-04-04","Approved",NULL,,"Sat 1st Apr 2023 (6pm - 2am), Sun 2nd Apr 2023 (6pm - 2am)","2023-04-04","HS",NULL,"393.76","0","393.76","SRA-43556","2023-04-28","2023-04-07","Closed","Paid",NULL,,,"4","0",NULL,"0",NULL,"0","2023-04-04 10:24:40","2023-05-02 15:50:51"
"165","SRAL-3594-Y23","3","4","14","47","2023-04-11 10:46:00","2023-04-16 10:46:00","Mon 10th Apr 2023 (6pm - 2am),
ues 11th Apr 2023 (2pm - 11pm),
Wed 12th Apr 2023 (12pm - 10pm)","2023-04-10","2023-04-10 10:50:00","2023-04-12 10:50:00","Mon 10th Apr 2023 (6pm - 2am),
ues 11th Apr 2023 (2pm - 11pm),
Wed 12th Apr 2023 (12pm - 10pm)","2023-04-12","SRAL-0593-Y23","29",NULL,NULL,"0",NULL,NULL,NULL,NULL,NULL,NULL,NULL,NULL,,,,,"29.00","100","2900","100","2900.00","7","203.00","203.00","2023-04-13","email","2023-04-13","Approved",NULL,,"Mon 10th Apr 2023 (6pm - 2am), Tues 11th Apr 2023 (2pm - 11pm), Wed 12th Apr 2023 (12pm - 12am)","2023-04-13","HS",NULL,"713.69","0","713.69","SRA-43591",NULL,"2023-04-14","Pending","Paid",NULL,,,"4","0",NULL,"0",NULL,"0","2023-04-04 10:50:42","2023-04-14 13:25:55"
"178","SRAL-3524-Y23","2","2","1","42","2023-03-20 10:59:00","2023-03-26 10:59:00","Mon 20th Mar - Fri 7th April 2023 (9am - 5pm)","2023-02-23","2023-03-20 11:03:00","2023-03-26 11:03:00","Mon 20th Mar - Fri 7th April 2023 (9am - 5pm)","2023-02-23","SRAL-0562-Y23","80",NULL,NULL,"0",NULL,NULL,NULL,NULL,NULL,NULL,NULL,NULL,,,,,"80.00","100","5900","90","5400","7","413.00","913.00","2023-03-30","email","2023-03-30","Approved",NULL,,"Medical Consultant (Onsite), Dates, Mon 20th - Fri 24th March 2023 (9am - 5pm), Sun 26th March 2023 (8am - 6pm), Medical Consultant (Offsite), Sat 25th March 2023 (8am - 12midnight), Sun 26th March 2023 (12midnight - 8am & 6pm - 12midnight) ","2023-03-30","HS",NULL,"1451.99","0","1451.99","SRA-43546",NULL,"2023-03-31","Pending","Paid",NULL,,,"4","0",NULL,"0",NULL,"0","2023-04-14 11:04:02","2023-04-14 13:10:27"
"168","SRAL-3595-Y23","3","4","18","65","2023-04-05 15:18:00","2023-04-05 15:19:00","Wed 5th Apr 2023 (10am - 4pm)","2023-04-05","2023-04-05 15:19:00","2023-04-05 15:19:00","Wed 5th Apr 2023 (10am - 4pm)","2023-04-04","SRAL-0595-Y23","7",NULL,NULL,"0",NULL,NULL,NULL,NULL,NULL,NULL,NULL,NULL,,,,,"7.00","70","490","70","490.00","7","34.30","34.30","2023-04-13","email","2023-04-14","Approved",NULL,,"Wed 5th April 2023 (10am - 5pm)","2023-04-14","HS",NULL,"120.59","0","120.59","SRA-43594",NULL,"2023-04-14","Pending","Paid",NULL,,,"4","0",NULL,"0",NULL,"0","2023-04-05 15:19:42","2023-04-14 13:35:34"
"170","SRAL-3597-Y23","3","4","17","65","2023-04-07 10:13:00","2023-04-10 10:14:00","Fri 7th Apr 2023 (11am - 7pm),
Sat 8th & Sun 9th Apr 2023 (10pm - 8am)","2023-04-07","2023-04-07 15:04:00","2023-04-10 15:04:00","Fri 7th Apr 2023 (11am - 7pm),
Sat 8th & Sun 9th Apr 2023 (10pm - 8am)","2023-04-09","SRAL-0579-Y23","28",NULL,NULL,"0",NULL,NULL,NULL,NULL,NULL,NULL,NULL,NULL,,,,,"28.00","70","1960","70","1960.00","7","137.20","137.20","2023-04-11","email","2023-04-11","Approved",NULL,,"Fri 7th Apr 2023 (11am - 7pm), Sat 8th  Apr 2023 (10am - 8pm), Sun 9th Apr 2023 (10am - 8pm)","2023-04-11","HS",NULL,"482.36","450.8","31.56","SRA-43571",NULL,"2023-04-13","Pending","Paid",NULL,,,"4","0",NULL,"0",NULL,"0","2023-04-07 10:15:16","2023-04-21 10:21:45"
"173","SRAL-3599-Y23","5","4","7","48","2023-03-17 16:32:00","2023-03-18 16:32:00","Fri 17th March 2023 (9am - 9am)","2023-03-17","2023-03-17 16:33:00","2023-03-18 16:33:00","Fri 17th March 2023 (9am - 9am)","2023-03-17","SRAL-0584-Y23","8",NULL,NULL,"16",NULL,NULL,NULL,NULL,NULL,NULL,NULL,NULL,,,,,"24.00","50/60","1360","50/60","1360","7","95.20","95.20","2023-03-31","whatsapp","2023-03-31","Approved",NULL,"Rate 50/ hr (9am - 5pm)
Rate 60/ hr (5pm - 9am)"," 50.00 Euro/hr, Fri 17th March 2023 (9am - 5pm), Rate: 60.00 Euro/hr, Fri 17th March 2023 (5pm - 9am)","2023-04-11","HS",NULL,"334.70","0","334.70","SRA-43576",NULL,"2023-04-13","Pending","Paid",NULL,,,"4","0",NULL,"0",NULL,"0","2023-04-11 16:34:35","2023-04-14 10:21:50"
"174","SRAL-3600-Y23","5","5","7","48","2023-03-25 16:40:00","2023-03-26 16:40:00","Sat 25th Sun 26th March 2023 (8am - 8pm), Sun 26th March 2023 (8am - 8pm)","2023-03-25","2023-03-25 16:40:00","2023-03-26 16:40:00","Sat 25th Sun 26th March 2023 (8am - 8pm), Sun 26th March 2023 (8am - 8pm)","2023-03-25","SRAL-0585-Y23","24",NULL,NULL,"0",NULL,NULL,NULL,NULL,NULL,NULL,NULL,NULL,,,,,"24.00","48","1152","48","1152.00","7","80.64","80.64","2023-03-31","whatsapp","2023-03-31","Approved",NULL,,"Sat 25th & Sun 26th March 2023 (8am - 8pm)","2023-04-11","HS",NULL,"283.51","0","283.51","SRA-43577",NULL,"2023-04-13","Pending","Paid",NULL,,,"4","0",NULL,"0",NULL,"0","2023-04-11 16:42:25","2023-04-14 10:22:15"
"175","SRAL-3601-Y23","2","4","13","44","2023-03-19 16:23:00","2023-03-23 16:23:00","Sun 19th – Wed 22nd Mar 2023 (9:30pm – 9:30am)","2023-03-08","2023-03-19 16:24:00","2023-03-23 16:24:00","Sun 19th – Wed 22nd Mar 2023 (9:30pm – 9:30am)","2023-03-08","SRAL-0589-Y23","50",NULL,NULL,"0",NULL,NULL,NULL,NULL,NULL,NULL,NULL,NULL,,,,,"50.00","65","3250","60","3000.00","7","227.50","477.50","2023-04-12","whatsapp","2023-04-12","Approved",NULL,,"Sun 19th March 2023 (9pm - 10am), Mon 20th March 2023 (9pm - 9am), Tues 21st March 2023 (9pm - 10am), Wed 22nd March 2023 (9pm - 9am)","2023-04-12","HS",NULL,"799.83","747.5","52.33","SRA-43587",NULL,"2023-04-14","Pending","Paid",NULL,,,"4","0",NULL,"0",NULL,"0","2023-04-12 16:26:02","2023-04-14 13:16:57"
"179","SRAL-3519-Y23","4","4","10","53","2023-03-09 11:06:00","2023-07-10 11:06:00","Thurs 9th Mar – Mon 10th July 2023 (8am – 5pm), Plus On Calls","2023-02-20","2023-03-20 11:07:00","2023-03-26 11:07:00","Thurs 9th Mar – Mon 10th July 2023 (8am – 5pm), Plus On Calls","2023-02-20","SRAL-0564-Y23","85",NULL,NULL,"0",NULL,NULL,NULL,NULL,NULL,NULL,NULL,NULL,,,,,"85.00","80","6350","80","6350","7","444.50","444.50","2023-03-30","whatsapp","2023-03-30","Approved",NULL,,"Dates: Mon 20th March 2023 (8am - 5pm), Tues 21st March 2023 (8am - 5pm), Wed 22nd March (8am - 5pm & 8pm - 1am), Thurs 23rd March 2023 (12midnight - 1am & 8am - 5pm), Fri 24th March 2023 (8am - 5pm), Sat 25th (8am) - (9am) Sun 26th March 2023, Total Hours: 76.00 Rate: 80.00 Euro /hr,  Wed 22nd March 2023 (5pm - 7pm), Thurs 23rd March 2023 (1am - 8am) Total Offsite Hours: 9.00 Rate: 30.00 Euro /hr","2023-03-30","HS",NULL,"1562.735","0","1562.73","SRA-43548",NULL,"2023-03-31","Pending","Paid",NULL,,,"4","0",NULL,"0",NULL,"0","2023-04-14 11:09:56","2023-04-14 11:53:08"
"180","SRAL-3519-Y23","4","4","10","53","2023-03-27 11:47:00","2023-04-02 11:47:00","Thurs 9th Mar – Mon 10th July 2023 (8am – 5pm), Plus On Calls","2023-02-20","2023-03-27 11:48:00","2023-04-02 11:48:00","Thurs 9th Mar – Mon 10th July 2023 (8am – 5pm), Plus On Calls","2023-02-20","SRAL-0570-Y23","85",NULL,NULL,"0",NULL,NULL,NULL,NULL,NULL,NULL,NULL,NULL,,,,,"85.00","80","6800","80","6800.00","7","476.00","476.00","2023-04-05","whatsapp","2023-04-06","Approved",NULL,,"Senior Registrar/ Consultant Surgery, Dates, Mon 27th March 2023 (8am - 5pm), Tues 28th March 2023 (8am - 5pm), Wed 29th March (8am - 12midnight), Thurs 30th March 2023 (12midnight - 5pm), Fri 31st March 2023 (8am - 5pm), Sat 1st April 2023 (8am - 12midnight), Sun 2nd April 2023 (12midnight - 9am)","2023-04-06","HS",NULL,"1673.48","0","1673.48","SRA-43554",NULL,"2023-04-06","Pending","Paid",NULL,,,"4","0",NULL,"0",NULL,"0","2023-04-14 11:52:08","2023-04-14 11:53:52"
"181","SRAL-3519-Y23","4","3","10","53","2023-04-03 12:30:00","2023-04-07 12:30:00","Thurs 9th Mar – Mon 10th July 2023 (8am – 5pm), Plus On Calls","2023-02-20","2023-04-03 12:30:00","2023-04-07 12:30:00","Thurs 9th Mar – Mon 10th July 2023 (8am – 5pm), Plus On Calls","2023-02-20","SRAL-0587-Y23","60",NULL,NULL,"0",NULL,NULL,NULL,NULL,NULL,NULL,NULL,NULL,,,,,"60.00","80","4050","80","4050","7","283.50","283.50","2023-04-11","whatsapp","2023-04-12","Approved",NULL,,"Senior Registrar/ Consultant Surgery Onsite Dates, Mon 3rd - Fri 7th March 2023 (8am - 5pm), Senior Registrar/ Consultant Surgery Offsite Dates, Wed 5th March 2023 (5pm - 8am)","2023-04-12","HS",NULL,"996.71","0","996.71","SRA-43579",NULL,"2023-04-14","Pending","Paid",NULL,,,"4","0",NULL,"0",NULL,"0","2023-04-14 12:33:20","2023-04-14 13:04:35"
"182","SRAL-3524-Y23","2","2","1","42","2023-04-03 13:02:00","2023-04-07 13:03:00","Mon 20th Mar - Fri 7th April 2023 (9am - 5pm)","2023-02-23","2023-04-03 13:03:00","2023-04-07 13:03:00","Mon 20th Mar - Fri 7th April 2023 (9am - 5pm)","2023-02-23","SRAL-0594-Y23","40",NULL,NULL,"0",NULL,NULL,NULL,NULL,NULL,NULL,NULL,NULL,,,,,"40.00","100","4000","90","3600.00","7","280.00","680.00","2023-04-13","email","2023-04-14","Approved",NULL,,"Mon 3rd - Fri 7th April 2023 (9am - 5pm)","2023-04-14","HS",NULL,"984.4","0","984.40","SRA-43593",NULL,"2023-04-14","Pending","Paid",NULL,,,"4","0",NULL,"0",NULL,"0","2023-04-14 13:07:14","2023-04-14 13:32:39"
"205","SRAL-3326-Y22","13","2","21","19","2022-09-05 13:08:00","2023-09-05 13:08:00","Mon 5th September 2022 onward","2022-09-02","2023-02-11 13:10:00","2023-03-03 13:10:00","Sat 11th Feb - Fri 3rd March 2023","2022-09-02","SRAL-0534-Y23","191",NULL,NULL,"0",NULL,NULL,NULL,NULL,NULL,NULL,NULL,NULL,,,,,"191.00","115","17135","115","17135","7","1199.45","1199.45","2023-03-06","email","2023-03-07","Approved",NULL,,"Consultant Psychiatry (Onsite) Dates, Sat 11th Feb 2023 (11am - 5pm), Sun 12th Feb 2023 (12midday - 4pm), Mon 13th - Wed 15th Feb 2023 (9am - 5pm),  Fri 17th Feb 2023 (9am - 5pm),  Mon 20th - Fri 24th Feb 2023 (9am - 5pm), Mon 27th Feb - Fri 3rd March 2023 (9am - 5pm), Consultant Psychiatry (Offsite) Dates, Sat 11th Feb 2023 (12midnight - 11am & 5pm - 12midnight), Sun 12th Feb 2023 (12midnight - 12midday & 4pm - 12midnight), Thurs 23rd Feb 2023 (12midnight - 9am & 5:30pm - 12midnight), Wed 1st March 2023 (12midnight - 9am & 5:30pm - 12midnight)","2023-03-07","HS",NULL,"4216.9235","3941.05","275.87","SRA-43500","2023-04-06","2023-03-10","Closed","Paid",NULL,,,"4","0",NULL,"0",NULL,"0","2023-04-21 13:16:44","2023-04-21 13:26:51"
"206","SRAL-3326-Y22","13","2","21","19","2022-09-05 13:27:00","2023-09-05 13:27:00","Mon 5th September 2022 onward","2022-09-02","2023-01-23 13:28:00","2023-02-10 13:28:00","Mon 23rd Jan - Fri 10th Feb 2023","2022-09-02","SRAL-0510-Y23","167",NULL,NULL,"0",NULL,NULL,NULL,NULL,NULL,NULL,NULL,NULL,,,,,"167.00","115","15635","115","15635","7","1094.45","1094.45","2023-02-15","email","2023-02-16","Approved",NULL,,"Consultant Psychiatry (Onsite) Dates, Monday 23rd – Friday 27th Jan 2023 (9am – 5:30pm), Monday 30th Jan – Friday 3rd Feb 2023 (9am – 5:30pm), Monday 6th Feb 2023 (1pm – 4pm), Tues 7th - Friday 10th Feb 2023 (9am – 5:30pm), Consultant Psychiatry (Offsite) Dates, Wed 25th Jan 2023 (12midnight - 9am & 5:30pm - 12midnight), Mon 6th Feb 2023 (12midnight - 1pm & 5pm - 12midnight), Wed 8th Feb 2023 (12midnight - 9am & 5:30pm - 12midnight)","2023-02-16","HS",NULL,"3847.7735","3596.05","251.72","SRA-43462","2023-03-16","2023-02-17","Closed","Paid",NULL,,,"4","0",NULL,"0",NULL,"0","2023-04-21 13:31:48","2023-05-02 15:47:29"
"230",,"2","5","5","3","2023-05-04 14:46:00","2023-05-05 14:46:00","Thurs 4th May 2023 (9pm - 9:30am)","0000-00-00","2023-05-01 21:59:00","2023-05-26 21:59:00","Thurs 4th May 2023 (9pm - 9:30am)","0000-00-00",,,NULL,NULL,,NULL,NULL,NULL,NULL,NULL,NULL,NULL,NULL,,,,,,,,,,,,,"0000-00-00",,"0000-00-00","Sent_for_verification",NULL,,,"0000-00-00",,NULL,,,,,"0000-00-00","0000-00-00",,,NULL,,,"4","0",NULL,"0",NULL,"0","2023-05-03 14:47:24","2023-05-26 17:59:49"
"236","SRA-23-896","2","2","3","9","2023-05-18 07:16:00","2023-05-20 20:14:00","21-05-2023,22-05-2023","2023-05-16","2023-05-19 08:20:00","2023-05-20 21:20:00","23,34","2023-05-08","YT94bdAGKh","12","100","2","11","12","1","17","129","1","11","13","3",,,,,"51.00",,"566","467","3668","7","kSNbHVkv3n","VSLZO11FSi","2023-05-24","email","2023-05-17","Received",NULL,"Wye5yFOjPG","ldI9npeiYQ","2023-05-24","ibt2ABeFpX","$v_ordr['vat_rate']","12","11","1.00","tOQMQoZFyj","2023-06-02","2023-05-10",,"Paid","Due",,"WZmsxsorCt","4","0",NULL,"0",NULL,"0","2023-05-16 10:14:47","2023-05-26 16:30:12"
"241","343567890","2","4","5","3","2023-05-11 13:04:00","2023-06-27 13:04:00","23456dsfghj","2023-05-16","2023-05-19 15:26:00","2023-05-31 15:27:00","rtu","2023-05-11","etryuio","10","10","1","10","10","2","10","10","1","10","10","1",,,,,"40.00",,"3456","234","400","7","345","r678","2023-05-09","online","2023-05-11","Sent_for_verification","29/05/2023, 10:23:16 am",,"67vhn","2023-05-24","567890","$v_ordr['vat_rate']","3456","34567","NaN","876543","2023-05-11","2023-05-12",,"Paid","Due",,,"4","0",NULL,"0",NULL,"1","2023-05-24 09:04:40","2023-05-29 06:23:29"
"242","SRA-L-23876","4","2","3","53","2023-05-16 15:29:00","2023-06-01 15:29:00","567","2023-05-26","2023-05-16 15:30:00","2023-05-20 15:30:00","678","2023-05-31","123454","10","10","1","10","10","2","0","0",,"0","0",,"20","20","0","0","20.00",NULL,"428","150","200","7","29.96","257.96","2023-05-31","fax","2023-05-31","Received",NULL,NULL,"21345rffcgj","2023-05-31","ak","23","98.44","34.50","63.94","234567","2023-05-31","2023-05-31",NULL,"Rceived","Paid",NULL,NULL,"5","0",NULL,"0",NULL,"0","2023-05-26 11:29:16","2023-06-01 14:03:38"
